Serial	user_id	user_screen_name	user_name	user_expanded_url	Facebook Page (https://www.facebook.com/)	RSS Feed link	Automatic RSS	Wikipedia page (https://ar.wikipedia.org/wiki/)	Alexa page (https://www.alexa.com/siteinfo/)	user_display_url	user_verified	newssource	newssource:confidence	user_created_at	user_description	user_followers_count	user_favourites_count	user_friends_count	user_twitter_friends_count	user_geo_enabled	user_lang	user_listed_count	user_location	country_code	country	Category	user_profile_image_url	user_statuses_count	user_time_zone	user_url	YouTube (http://www.youtube.com/)
1	23573083	AlArabiya_Brk	Ø§Ù„Ø¹Ø±Ø¨ÙŠØ© Ø¹Ø§Ø¬Ù„	http://www.alarabiya.net	AlArabiya	-		Ù‚Ù†Ø§Ø©_Ø§Ù„Ø¹Ø±Ø¨ÙŠØ©	alarabiya.net	alarabiya.net	1	1	1	Tue Mar 10 09:15:09 +0000 2009	Ø®Ø¯Ù…Ø© Ù‚Ù†Ø§Ø© #Ø§Ù„Ø¹Ø±Ø¨ÙŠØ© Ù„Ù„Ø£Ø®Ø¨Ø§Ø± Ø§Ù„Ø¹Ø§Ø¬Ù„Ø©	17472948	0	15731	36	0	en	15731	Dubai	AE	United Arab Emirates	General	http://pbs.twimg.com/profile_images/818825878071349248/bjAfKVo8_normal.jpg	91266	Muscat	https://t.co/3J8D8Z8yvo	user/AlArabiya
2	148711787	AlArabiya	Ù‚Ù†Ø§Ø© Ø§Ù„Ø¹Ø±Ø¨ÙŠØ©	http://www.alarabiya.net	AlArabiya	-		Ù‚Ù†Ø§Ø©_Ø§Ù„Ø¹Ø±Ø¨ÙŠØ©	alarabiya.net	alarabiya.net	1	1	0.679	Thu May 27 12:11:19 +0000 2010	Ø§Ù„Ø¹Ø±Ø¨ÙŠØ© #Ø£Ù†_ØªØ¹Ø±Ù_Ø£ÙƒØ«Ø±	13655761	3	13052	35	1	en	13052	Dubai	AE	United Arab Emirates	General	http://pbs.twimg.com/profile_images/818820656687120386/QHuE_1yq_normal.jpg	143189	Abu Dhabi	https://t.co/3J8D8YQX6O	user/AlArabiya
3	5536782	AJArabic	Ù‚Ù†Ø§Ø© Ø§Ù„Ø¬Ø²ÙŠØ±Ø©	http://www.aljazeera.net	aljazeerachannel	http://www.aljazeera.net/aljazeerarss/be46a341-fe26-41f1-acab-b6ed9c198b19/e6aef64d-084c-42f0-8269-abe48e0cd154	/aljazeerarss/be46a341-fe26-41f1-acab-b6ed9c198b19/e6aef64d-084c-42f0-8269-abe48e0cd154	Ù‚Ù†Ø§Ø©_Ø§Ù„Ø¬Ø²ÙŠØ±Ø©	aljazeera.net	aljazeera.net	1	1	1	Thu Apr 26 19:33:12 +0000 2007	Ø§Ù„Ø¬Ø²ÙŠØ±Ø©.. Ø§Ù„Ø±Ø£ÙŠ ÙˆØ§Ù„Ø±Ø£ÙŠ Ø§Ù„Ø¢Ø®Ø±.. ØªØ§Ø¨Ø¹ Ø£Ø®Ø¨Ø§Ø±Ù†Ø§ Ø§Ù„Ø¹Ø§Ø¬Ù„Ø© Ø¹Ù„Ù‰ @AJABreaking  ÙˆÙ„Ù…Ø­Ø¨ÙŠ Ø§Ù„Ø±ÙŠØ§Ø¶Ø©: @AJA_sport	13308570	26	18346	28	1	en	18346	Qatar	QA	Qatar	General	http://pbs.twimg.com/profile_images/703867707318374400/zHFerbz0_normal.jpg	210573	Riyadh	http://t.co/l0QyVGxCDY	user/aljazeerachannel
4	60327493	sabqorg	ØµØ­ÙŠÙØ© Ø³Ø¨Ù‚ Ø§Ù„Ø¥Ù„ÙƒØªØ±ÙˆÙ†ÙŠØ©	http://www.sabq.org	sabq.org	https://sabq.org/rss	https://sabq.org/rss	ØµØ­ÙŠÙØ©_Ø³Ø¨Ù‚_Ø§Ù„Ø¥Ù„ÙƒØªØ±ÙˆÙ†ÙŠØ©	sabq.org	sabq.org	1	1	0.679	Sun Jul 26 15:34:27 +0000 2009	Ø§Ù„Ø­Ø³Ø§Ø¨ Ø§Ù„Ø±Ø³Ù…ÙŠ Ù„ØµØ­ÙŠÙØ© Ø³Ø¨Ù‚ Ø§Ù„Ø¥Ù„ÙƒØªØ±ÙˆÙ†ÙŠØ©ØŒ Ø³ÙÙŠØ± #Ù†Ø¨Ø±Ø§Ø³ Sabq Apps: https://t.co/8pcqIZkPkN -   Ù„Ù„Ø¥Ø¹Ù„Ø§Ù† ÙÙŠ Ø´Ø¨ÙƒØ§Øª Ø§Ù„ØªÙˆØ§ØµÙ„ trend@sabq.org	12866213	0	11655	1	1	ar	11655	Saudi Arabia	SA	Saudi Arabia	General	https://lh4.ggpht.com/je2K1G32D-_xPgdPpvBM-CFATFM4kxa0-RFoSvE2bwsSKywkPBZmW64e7WkPvqaedEg	129629	Riyadh	https://t.co/RKQaYG9xR8	sabqorg
5	474886468	SaudiNews50	Ø£Ø®Ø¨Ø§Ø± Ø§Ù„Ø³Ø¹ÙˆØ¯ÙŠØ©	http://saudinews50.co	-	http://saudinews50.co/feed		-	saudinews50.co	saudinews50.co	0	1	1	Thu Jan 26 13:07:48 +0000 2012	Ø§Ù„Ø­Ø³Ø§Ø¨ Ø§Ù„Ø±Ø³Ù…ÙŠ Ù„Ø£Ø®Ø¨Ø§Ø± Ø§Ù„Ø³Ø¹ÙˆØ¯ÙŠØ© | Ø§Ù†Ø³ØªÙ‚Ø±Ø§Ù…: https://t.co/2UpUjXI7sJ | Ù„Ù„ØªÙˆØ§ØµÙ„: info@saudinews50.co	11206069	311	6915	5	1	ar	6915	ÙˆØ§ØªØ³ Ø§Ø¨: 00966500551447	SA	Saudi Arabia	General	http://pbs.twimg.com/profile_images/512005295174729728/GEm5CeJs_normal.jpeg	121528	Baghdad	https://t.co/3EjSQ9yFCE	
6	66591836	cnnarabic	CNN Ø¨Ø§Ù„Ø¹Ø±Ø¨ÙŠØ©	https://arabic.cnn.com	cnn	https://arabic.cnn.com/rss	https://arabic.cnn.com/rss	Ø³ÙŠ_Ø¥Ù†_Ø¥Ù†_Ø§Ù„Ø¹Ø±Ø¨ÙŠØ©	cnn.com	arabic.cnn.com	1	1	1	Tue Aug 18 04:10:21 +0000 2009	World Wide News Leader, in Arabic <LF>https://t.co/U1V8ei6LDz  https://t.co/PhIonVHtAy	10130364	4258	9660	197	0	en	9660	Dubai, United Arab Emirates	US	United States of America	General	http://pbs.twimg.com/profile_images/473816630963609600/r-mBSnus_normal.png	123520	Muscat	https://t.co/5f49LwdJnf	
7	407054921	HashKSA	Ù‡Ø§Ø´ØªØ§Ù‚ Ø§Ù„Ø³Ø¹ÙˆØ¯ÙŠØ©	http://www.stc.com.sa/wps/wcm/connect/arabic/services/mobile/mhtwa/hash-tag-ksa	-	-		-	stc.com.sa	stc.com.sa/wps/wcm/connecâ€¦	1	1	1	Mon Nov 07 15:33:48 +0000 2011	Ø§Ù„Ø¢Ù†ØŒØŒ Ø¬ÙˆØ§Ù„Ù†Ø§ Ø§Ù„Ù…Ø¬Ø§Ù†ÙŠ Ø¨Ù€3 Ù‚Ù†ÙˆØ§Øª (ØªÙˆÙŠØªØ±ØŒ Ø³Ù†Ø§Ø¨ØŒ Ø§Ù„Ù…Ø±Ø£Ø©) Ø­ØµØ±ÙŠÙ‹Ø§ Ø¹Ù„Ù‰ STC Ø£Ø±Ø³Ù„ Ø±Ø³Ø§Ù„Ø© ÙØ§Ø±ØºØ© Ù„Ù€808888 | Ù„Ù„ØªÙˆØ§ØµÙ„: hashksa@smaat.co Ø³Ù†Ø§Ø¨: https://t.co/AZD540Meia	9755855	15676	7171	947	1	ar	7171	Saudi Arabia	SA	Saudi Arabia	General	http://pbs.twimg.com/profile_images/2923067274/26cd965d450083946216344ef3fdb817_normal.png	70482	Riyadh	https://t.co/vqbaNku5d7	
	28631535	Alhilal_FC	Ù†Ø§Ø¯ÙŠ Ø§Ù„Ù‡Ù„Ø§Ù„ Ø§Ù„Ø³Ø¹ÙˆØ¯ÙŠ	http://www.alhilal.com	ALHILAL.Saudi.FC	-		Ù†Ø§Ø¯ÙŠ_Ø§Ù„Ù‡Ù„Ø§Ù„_(Ø§Ù„Ø³Ø¹ÙˆØ¯ÙŠØ©)	alhilal.com	alhilal.com	1	1	1	Fri Apr 03 19:21:22 +0000 2009	Ø§Ù„Ø­Ø³Ø§Ø¨ Ø§Ù„Ø±Ø³Ù…ÙŠ Ù„Ù†Ø§Ø¯ÙŠ Ø§Ù„Ù‡Ù„Ø§Ù„ Ø§Ù„Ø³Ø¹ÙˆØ¯ÙŠ - English account : @Alhilal_EN	8904344	0	6131	46	1	ar	6131	Ø§Ù„Ù…Ù…Ù„ÙƒØ© Ø§Ù„Ø¹Ø±Ø¨ÙŠØ© Ø§Ù„Ø³Ø¹ÙˆØ¯ÙŠØ©	SA	Saudi Arabia	Sports	http://pbs.twimg.com/profile_images/1441466959/30813_405930638006_554613006_4126002_35919_n_normal.jpg	26850	Riyadh	https://t.co/iHpubnxwW5	alhilal
8	153436029	realmadridarab	Real Madrid C.F.	http://www.realmadrid.com/ar	RealMadrid	-		Ø±ÙŠØ§Ù„_Ù…Ø¯Ø±ÙŠØ¯	realmadrid.com	realmadrid.com/ar	1	1	1	Tue Jun 08 14:58:44 +0000 2010	Real Madrid C.F.  Ø§Ù„Ø¹Ø±Ø¨ÙŠÙ‡ @realmadridarab æ—¥æœ¬èª @realmadridjapan English @realmadriden FranÃ§ais @realmadridfra<LF>EspaÃ±ol @realmadrid	8245137	222	5025	48	1	en	5025	Ù…Ø¯Ø±ÙŠØ¯ - Ø¥Ø³Ø¨Ø§Ù†ÙŠØ§	ES	Spain	Sports	http://pbs.twimg.com/profile_images/855072912533049345/3grW4-Yg_normal.jpg	24228	Madrid	https://t.co/eyqUPNAByS	realmadrid
9	25049177	France24_ar	ÙØ±Ø§Ù†Ø³Â 24Â /Â FRANCEÂ 24	http://www.france24.com/ar/	FRANCE24.Arabic	http://www.france24.com/ar/timeline/rss	http:/www.france24.com/ar/rss/	ÙØ±Ø§Ù†Ø³_24	france24.com	france24.com/ar/	1	1	1	Wed Mar 18 09:24:42 +0000 2009	Ù‚Ù†Ø§Ø© ÙØ±Ø§Ù†Ø³ 24 Ø§Ù„Ø¯ÙˆÙ„ÙŠØ© Ù„Ù„Ø£Ø®Ø¨Ø§Ø± https://t.co/8WhaeVBn2b	7963105	63	6467	1054	1	fr	6467	Ø¨Ø§Ø±ÙŠØ³ØŒ ÙØ±Ù†Ø³Ø§	FR	France	General	http://pbs.twimg.com/profile_images/875648957451345921/OUjlwj62_normal.jpg	163499	Paris	https://t.co/4MdxV4UwEv	user/france24arabic
10	311932430	mbc1	MBC1	http://www.mbc.net/mbc1	mbc1tv	-		Ø¥Ù…_Ø¨ÙŠ_Ø³ÙŠ_1	mbc.net	mbc.net/mbc1	1	1	1	Mon Jun 06 09:29:09 +0000 2011	MBC 1 was launched in 1991 as the first independent Pan Arab channel, it is the first free-to-air private satellite channel	7668961	0	3436	0	0	en	3436		SA	Saudi Arabia	Entertainment	http://www.elmogaz.com/sites/default/files/2018/04/21/news/fields/image/MBC-logo-large.jpg	100094	Muscat	https://t.co/d28qZ41VLt	channel/UCPvObfhnwu_QNi6mc4z5UPQ
11	301120393	youm7	Ø§Ù„ÙŠÙˆÙ… Ø§Ù„Ø³Ø§Ø¨Ø¹	http://www.youm7.com	Youm7	https://www.youm7.com/rss/rss	http:/www.youm7.com/rss/rss	Ø§Ù„ÙŠÙˆÙ…_Ø§Ù„Ø³Ø§Ø¨Ø¹	youm7.com	youm7.com	1	1	1	Wed May 18 22:35:56 +0000 2011	Ø§Ù„Ø­Ø³Ø§Ø¨ Ø§Ù„Ø±Ø³Ù…Ù‰ Ù„Ø¬Ø±ÙŠØ¯Ø© Ø§Ù„ÙŠÙˆÙ… Ø§Ù„Ø³Ø§Ø¨Ø¹ Ø¹Ù„ÙŠ ØªÙˆÙŠØªØ±..Ø§Ù„Ù…ÙˆÙ‚Ø¹ Ø§Ù„Ø§Ø®Ø¨Ø§Ø±ÙŠ Ø§Ù„Ø§ÙˆÙ„ ÙÙŠ Ù…ØµØ± ÙˆØ§Ù„Ø´Ø±Ù‚ Ø§Ù„Ø§ÙˆØ³Ø·<LF>to be updated with latest news from <LF>egypt & middle east follow<LF> @youm7	7265923	447	6503	10	1	en-gb	6503	Egypt	EG	Egypt	General	http://pbs.twimg.com/profile_images/961942149116940290/wrcNXUQF_normal.jpg	613021	Cairo	http://t.co/TQIsrx0POH	user/mubasheryoum7
12	256930894	AjelNews24	Ø®Ø¨Ø± Ø¹Ø§Ø¬Ù„	http://www.ajelnews24.com	-	http://www.ajelnews24.com/?feed=rss2	http://www.ajelnews24.com/?feed=rss2	-	ajelnews24.com	ajelnews24.com	0	1	1	Thu Feb 24 10:55:29 +0000 2011	Ø§Ù„Ø­Ø³Ø§Ø¨ Ø§Ù„Ø±Ø³Ù…ÙŠ Ù„Ù€ Ø®Ø¨Ø± Ø¹Ø§Ø¬Ù„ .. Ø§Ù†Ø³ØªØºØ±Ø§Ù…: https://t.co/ilQwOBNrN5 Ø³Ù†Ø§Ø¨ Ø´Ø§Øª: https://t.co/sfN3pEbhls Ù„Ù„ØªÙˆØ§ØµÙ„: info@ajelnews24.com	6921217	317	7548	3	0	ar	7548	ÙˆØ§ØªØ³Ø§Ø¨: 00966555608841	SA	Saudi Arabia	General	http://pbs.twimg.com/profile_images/3236063800/6600f44fc0ec61737f813b685b08a13d_normal.jpeg	171538	Quito	https://t.co/KUmE3zyHfS	channel/UCTvwuqZFHVpMgWDR6cnPgAQ
13	245956466	AlHadath	Ù‚Ù†Ø§Ø© Ø§Ù„Ø­Ø¯Ø«	http://www.alhadath.net/	AlHadath	http://www.alhadath.net/.mrss/alhadath.xml	http://www.alhadath.net/.mrss/alhadath.xml	Ù‚Ù†Ø§Ø©_Ø§Ù„Ø­Ø¯Ø«	alhadath.net	alhadath.net	1	1	1	Tue Feb 01 20:40:40 +0000 2011	#Ø§Ù„Ø­Ø¯Ø« Ø§Ù„Ø¥Ø®Ø¨Ø§Ø±ÙŠØ©.. Ù‚Ù†Ø§Ø© ØªÙØ§Ø¹Ù„ÙŠØ© ØªØ±ÙƒØ² Ø¹Ù„Ù‰ Ø§Ù„Ø£Ø­Ø¯Ø§Ø« Ø§Ù„Ø³ÙŠØ§Ø³ÙŠØ© ÙÙŠ Ø§Ù„Ù…Ù†Ø·Ù‚Ø© Ø§Ù„Ø¹Ø±Ø¨ÙŠØ©	6311631	2	6010	36	0	en	6010	Dubai	IQ	Iraq	General	http://pbs.twimg.com/profile_images/818821066617393152/jCjo7DqP_normal.jpg	95646	Abu Dhabi	https://t.co/0Di3sif5So	channel/UCrj5BGAhtWxDfqbza9T9hqA
14	52032722	BBCArabic	BBC Arabic Ø¨ÙŠ Ø¨ÙŠ Ø³ÙŠ	http://bbcarabic.com	bbcarabic	http://feeds.bbci.co.uk/arabic/rss.xml		ØªÙ„ÙØ²ÙŠÙˆÙ†_Ø¨ÙŠ_Ø¨ÙŠ_Ø³ÙŠ_Ø¹Ø±Ø¨ÙŠ	bbcarabic.com	bbcarabic.com	1	1	1	Mon Jun 29 11:47:36 +0000 2009	BBC Arabic official account | Ø§Ù„Ø­Ø³Ø§Ø¨ Ø§Ù„Ø±Ø³Ù…ÙŠ Ù„Ø¨ÙŠ Ø¨ÙŠ Ø³ÙŠ Ø§Ù„Ø¹Ø±Ø¨ÙŠØ© - ØªØ§Ø¨Ø¹Ùˆ Ø£ÙŠØ¶Ø§ Ø­Ø³Ø§Ø¨ #Ø§Ù„Ø£Ø®Ø¨Ø§Ø± #Ø§Ù„Ø¹Ø§Ø¬Ù„Ø© @BBCArabicAlerts ÙˆØ­Ø³Ø§Ø¨Ù†Ø§ Ø¹Ø¨Ø± ØªÙŠÙ„ÙŠØ¬Ø±Ø§Ù… https://t.co/lRk29zMvoi	5687636	72	5837	207	1	en-gb	5837	London, GB	UK	United Kingdom	General	http://pbs.twimg.com/profile_images/562375849388032000/Cuxjmsx5_normal.png	99006	London	http://t.co/TvMNRt13Gx	user/BBCArabicNews
15	311940255	mbc2	mbc2	http://www.mbc.net/mbc2	-	-		Ø¥Ù…_Ø¨ÙŠ_Ø³ÙŠ_2	mbc.net	mbc.net/mbc2	1	1	1	Mon Jun 06 09:51:24 +0000 2011	MBC2 is the first 24-hour free-to-air movie channel in the Arab World. The Channel offers a wide variety of top international and Hollywood movies	5604406	0	2006	0	1	en	2006		SA	Saudi Arabia	Entertainment	http://pbs.twimg.com/profile_images/2325153399/glxj6ox08i7xhuwfop44_normal.jpeg	57833	Muscat	http://t.co/OrtNFasZvJ	channel/UCC22GST1xmjAYNs8D_n6Vyw
16	15819208	AlRiyadh	Ø¬Ø±ÙŠØ¯Ø© Ø§Ù„Ø±ÙŠØ§Ø¶	http://www.alriyadh.com	-	http://www.alriyadh.com/page/rss	http:/www.alriyadh.com/page/rss	Ø§Ù„Ø±ÙŠØ§Ø¶_(Ø¬Ø±ÙŠØ¯Ø©_Ø³Ø¹ÙˆØ¯ÙŠØ©)	alriyadh.com	alriyadh.com	1	1	1	Tue Aug 12 05:41:02 +0000 2008	Ø¬Ø±ÙŠØ¯Ø© Ø³Ø¹ÙˆØ¯ÙŠØ© ÙŠÙˆÙ…ÙŠØ© ØªØµØ¯Ø± Ø¹Ù† Ù…Ø¤Ø³Ø³Ø© Ø§Ù„ÙŠÙ…Ø§Ù…Ø© Ø§Ù„ØµØ­ÙÙŠØ© #Ø¬Ø±ÙŠØ¯Ø©_Ø§Ù„Ø±ÙŠØ§Ø¶ Ø¹Ù„Ù‰ Ø³Ù†Ø§Ø¨ Ø´Ø§Øª https://t.co/RYrMIsrpyR	4740505	35	3301	11	0	ar	3301	Riyadh,Saudi Arabia	SA	Saudi Arabia	General	http://pbs.twimg.com/profile_images/945380646465298434/ZGyTNrBR_normal.jpg	151109	Riyadh	https://t.co/7XCnaXva8S	user/alriyadhtv
17	97232128	AlAhram	Ø§Ù„Ø£Ù‡Ø±Ø§Ù… AlAhram	http://gate.ahram.org.eg	alahramgate	-		Ø§Ù„Ø£Ù‡Ø±Ø§Ù…_(Ø¬Ø±ÙŠØ¯Ø©)	ahram.org.eg	gate.ahram.org.eg	1	1	1	Wed Dec 16 15:38:20 +0000 2009	Al Ahram is an Egyptian publishing & Media house; it is the publisher of the daily Al-Ahram, in publication since 1875<LF>Ù…Ø¤Ø³Ø³Ø© Ø§Ù„Ø£Ù‡Ø±Ø§Ù… Ù„Ù„ØµØ­Ø§ÙØ© ÙˆØ§Ù„Ù†Ø´Ø±	4502722	433	6869	15	0	en	6869	Cairo, Egypt	EG	Egypt	General	http://pbs.twimg.com/profile_images/862573570769268736/rxlasDVa_normal.jpg	666523	Cairo	http://t.co/QZmpv3py0s	https://www.youtube.com/channel/UCIqfXUG5dbM8iGINnqsdriQ
	311947216	mbcaction	MBC Action	http://Actionha.net/TV	mbcaction	-		Ø¥Ù…_Ø¨ÙŠ_Ø³ÙŠ_Ø£ÙƒØ´Ù†	actionha.net	Actionha.net/TV	1	1	1	Mon Jun 06 10:11:18 +0000 2011	MBC Action is MBC Groupâ€™s action-packed channel that targets young Arabic males. It delivers the best in high-octane Western series, movies and action	4446267	2	1399	0	0	en	1399		SA	Saudi Arabia	Entertainment	http://pbs.twimg.com/profile_images/692289004801245184/GEXCfGii_normal.jpg	36321	Muscat	https://t.co/fCTTsmctQQ	channel/UCNYIXeDQovRVy0TlmSta2Ow
18	245953285	AlArabiya_spt	Ø§Ù„Ø¹Ø±Ø¨ÙŠØ© Ø±ÙŠØ§Ø¶Ø©	http://www.alarabiya.net/sports.html	-	-		Ù‚Ù†Ø§Ø©_Ø§Ù„Ø¹Ø±Ø¨ÙŠØ©	alarabiya.net	alarabiya.net/sports.html	1	1	1	Tue Feb 01 20:32:18 +0000 2011	Ø­Ø³Ø§Ø¨ Ù‚Ù†Ø§Ø© #Ø§Ù„Ø¹Ø±Ø¨ÙŠØ© Ù„ØªØºØ·ÙŠØ© Ø£Ø®Ø¨Ø§Ø± #Ø§Ù„Ø±ÙŠØ§Ø¶Ø©	4351768	0	3659	36	1	en	3659	Dubai	AE	United Arab Emirates	Sports	http://pbs.twimg.com/profile_images/867081770499485697/sAUFd4Al_normal.jpg	25376	Abu Dhabi	http://t.co/UZKRKVtyj7	user/AlArabiya
19	383112039	spagov	ÙˆØ§Ø³	http://www.spa.gov.sa	spagov	http://www.spa.gov.sa/rss.php		ÙˆÙƒØ§Ù„Ø©_Ø§Ù„Ø£Ù†Ø¨Ø§Ø¡_Ø§Ù„Ø³Ø¹ÙˆØ¯ÙŠØ©	spa.gov.sa	spa.gov.sa	1	1	1	Sat Oct 01 08:51:42 +0000 2011	#ÙˆÙƒØ§Ù„Ø©_Ø§Ù„Ø£Ù†Ø¨Ø§Ø¡_Ø§Ù„Ø³Ø¹ÙˆØ¯ÙŠØ© #ÙˆØ§Ø³ Saudi Press Agency	4218637	0	5326	4	1	ar	5326	Ø§Ù„Ø±ÙŠØ§Ø¶	SA	Saudi Arabia	General	http://pbs.twimg.com/profile_images/692730077126221824/6kDm118o_normal.jpg	170053	Riyadh	https://t.co/oH7h5vkTsr	https://www.youtube.com/channel/UClXSeR8UCA7c_Ys6lFqxX7Q?app=desktop
20	596025144	TheArabHash	Ù‡Ø§Ø´ØªØ§Ù‚ Ø§Ù„Ø¹Ø±Ø¨	http://PMads.net	-	-		-	pmads.net	PMads.net	0	1	0.6727	Fri Jun 01 00:01:35 +0000 2012	Ø£ÙƒØ¨Ø± Ø­Ø³Ø§Ø¨ Ø¹Ø±Ø¨ÙŠ Ù…ØªØ®ØµØµ Ø¨Ù†Ø´Ø± Ø£Ù‡Ù… Ø§Ù„Ø£Ø®Ø¨Ø§Ø±- Ø§Ù„ØµÙˆØ± - Ø§Ù„ÙÙŠØ¯ÙŠÙˆÙ‡Ø§Øª  | Ø§Ù„ÙˆÙƒÙŠÙ„ Ø§Ù„Ø­ØµØ±ÙŠ @PMadsNet Ø§Ù„ØªØ³ÙˆÙŠÙ‚ Ø§Ù„Ù‡Ø§Ø¯Ù	4110863	1169	3315	2225032	0	en	3315	ÙˆØ§ØªØ³ Ø§Ø¨: 00966536958015	SA	Saudi Arabia	General	http://pbs.twimg.com/profile_images/378800000408420914/6224b7650f6ab8a6da73fe510388288a_normal.png	55594	Riyadh	http://t.co/C4AbJglFNq	
21	116393932	Cityarabia	Ù†Ø§Ø¯ÙŠ Ù…Ø§Ù†Ø´Ø³ØªØ± Ø³ÙŠØªÙŠ	http://ar.mancity.com	mancity	-		Ù…Ø§Ù†Ø´Ø³ØªØ±_Ø³ÙŠØªÙŠ	mancity.com	ar.mancity.com	1	1	0.663	Mon Feb 22 08:41:29 +0000 2010	Ø§Ù„Ø­Ø³Ø§Ø¨ Ø§Ù„Ø±Ø³Ù…ÙŠ Ù„Ù†Ø§Ø¯ÙŠ Ù…Ø§Ù†Ø´Ø³ØªØ± Ø³ÙŠØªÙŠ ÙˆÙƒÙ„ Ù…Ø§ ÙŠØ®Øµ Ø§Ù„Ù†Ø§Ø¯ÙŠ Ù…Ù† Ø£Ø®Ø¨Ø§Ø± ÙˆÙ…Ø¹Ù„ÙˆÙ…Ø§Øª Ø¨Ø§Ù„Ø§Ø¶Ø§ÙØ© Ù„Ù„ØµÙˆØ± ÙˆØ§Ù„Ú¤ÙŠØ¯ÙŠÙˆ ÙˆØ§Ù„Ù†Ù‚Ù„ Ø§Ù„Ù…Ø¨Ø§Ø´Ø± Ù„Ù„Ù…Ø¨Ø§Ø±ÙŠØ§Øª .	3908741	3421	1606	71	1	en	1606	Ø§Ø³ØªØ§Ø¯ Ø§Ù„Ø§ØªØ­Ø§Ø¯	SA	Saudi Arabia	Sports	http://pbs.twimg.com/profile_images/748638064747110400/awK8xY-z_normal.jpg	57261	Cairo	https://t.co/0VWEmehnrM	https://www.youtube.com/user/mcfcofficial
22	216289357	skynewsarabia	Ø³ÙƒØ§ÙŠ Ù†ÙŠÙˆØ² Ø¹Ø±Ø¨ÙŠØ©	http://skynewsarabia.com	SkyNewsArabia	https://www.skynewsarabia.com/rss.xml	http:/skynewsarabia.com/web/rss.xml	Ø³ÙƒØ§ÙŠ_Ù†ÙŠÙˆØ²_Ø¹Ø±Ø¨ÙŠØ©	skynewsarabia.com	skynewsarabia.com	1	1	1	Tue Nov 16 08:40:50 +0000 2010	ØªØªØ®Ø° Ù‚Ù†Ø§Ø© â€œØ³ÙƒØ§ÙŠ Ù†ÙŠÙˆØ² Ø¹Ø±Ø¨ÙŠØ©â€ Ù…Ù† Ø£Ø¨ÙˆØ¸Ø¨ÙŠ Ù…Ù‚Ø±Ø§Ù‹ Ù„Ù‡Ø§ ÙˆØªÙ‚Ø¯Ù… Ø§Ù„Ø£Ø®Ø¨Ø§Ø± Ø¨Ø§Ù„Ù„ØºØ© Ø§Ù„Ø¹Ø±Ø¨ÙŠØ© Ø¹Ø¨Ø± Ø§Ù„Ø¨Ø« Ø§Ù„ØªÙ„ÙØ²ÙŠÙˆÙ†ÙŠ Ø§Ù„Ù…Ø¬Ø§Ù†ÙŠ ÙˆØ§Ù„Ø¥Ù†ØªØ±Ù†Øª ÙˆØ§Ù„Ø£Ø¬Ù‡Ø²Ø© Ø§Ù„Ù…Ø­Ù…ÙˆÙ„Ø© Ø¨Ù…Ø§ ÙÙŠÙ‡Ø§ Ø§Ù„Ø¢ÙŠ ÙÙˆÙ† ÙˆØ§Ù„Ø¢ÙŠØ¨Ø§Ø¯	3894661	62	4629	93	1	en	4629	Abu Dhabi, UAE	AE	United Arab Emirates	General	http://pbs.twimg.com/profile_images/904702296784863232/cJklnl4__normal.jpg	183557	Abu Dhabi	http://t.co/CMUUxOVKYY	skynewsarabia
23	701177444	KSA24	Ù…ÙˆØ¬Ø² Ø§Ù„Ø£Ø®Ø¨Ø§Ø± ğŸ‡¸ğŸ‡¦	http://1ksanews1.com	-	-		-	1ksanews1.com	1ksanews1.com	1	1	0.6636	Tue Jul 17 14:46:08 +0000 2012	Ù†Ø¹Ø·ÙŠÙƒ Ø§Ù„Ø¹Ù„Ù… Ø£ÙˆÙ„ Ø¨Ø£ÙˆÙ„ Ø¨Ø­ØªØ³ÙŠÙ†Ø§ Ø§Ù„Ø¹Ø§Ø¯ÙŠ ØªØ³Ø§Ù†Ùƒ ØªØ¨ÙŠ Ø­ÙŠØ«Ù…Ø§ ÙˆØ±Ø¨Ù…Ø§ ÙˆØ¹Ù†Ø¯Ù…Ø§ Ù…Ø§Ù‡ÙŠØ¨ Ø¹Ù†Ø¯ÙŠ Ø§Ù„Ø´Ø§ÙŠØ¨ 1ksanews1@gmail.com Ù„Ù„Ø¥Ø¹Ù„Ø§Ù† Ø³Ù…Ø§Ø±Øª Ù…Ø§Ø¨0550506191	3757656	2785	4595	25	0	en	4595	Riyadh	SA	Saudi Arabia	General	http://pbs.twimg.com/profile_images/906275220398493697/6YYCBkNm_normal.jpg	120020	Riyadh	https://t.co/YLN0s5uGck	1ksanews1
24	311943740	mbcmax	MBC MAX	http://www.mbc.net/mbcmax	-	-		Ø¥Ù…_Ø¨ÙŠ_Ø³ÙŠ_Ù…Ø§ÙƒØ³	mbc.net	mbc.net/mbcmax	1	1	1	Mon Jun 06 10:01:11 +0000 2011	MBC MAX is MBC Groupâ€™s second 24-hour movie channel which caters to a younger audience and delivers a family viewing experience.	3755260	0	1061	0	0	en	1061		SA	Saudi Arabia	Entertainment	http://pbs.twimg.com/profile_images/705029909643661313/sH8E6qhX_normal.jpg	27725	Muscat	http://t.co/34lG3sIBAY	channel/UCaCGWg4Tovoqr4gAI-VFEfA
25	399177856	Ruh_Rd	Ø·Ø±Ù‚ Ø§Ù„Ø±ÙŠØ§Ø¶	https://www.snapchat.com/add/ruh_rd	-	-		-	-	snapchat.com/add/ruh_rd	1	1	0.6636	Thu Oct 27 03:17:34 +0000 2011	Ø­Ø³Ø§Ø¨ ØªÙØ§Ø¹Ù„ÙŠ Ø¹Ù† #Ø·Ø±Ù‚_Ø§Ù„Ø±ÙŠØ§Ø¶ Ù‚Ø¨Ù„ Ø§Ù„Ù…Ø´Ø§Ø±ÙƒØ© Ø§Ù„Ø§Ø·Ù„Ø§Ø¹ Ø¹Ù„Ù‰ https://t.co/8ydF5qd47s Ù…Ø´Ø±Ù Ø§Ù„Ø­Ø³Ø§Ø¨ @A_Sroor Ù„Ù„Ø±Ø¹Ø§ÙŠØ©ÙˆØ§Ù„Ø¥Ø¹Ù„Ø§Ù†Ø§Øª RuhRd1@gmail.com	3699880	3208	790	47	0	ar	790	snapchat & instagram: Ruh_Rd	SA	Saudi Arabia	General	http://pbs.twimg.com/profile_images/921604215763554304/2ygE9eEf_normal.jpg	56647	Riyadh	https://t.co/w8naPAUWg3	
26	576241232	beINSPORTS_MENA	beIN SPORTS	http://www.beinsports.com/ar/	beINSPORTS	http://www.beinsports.com/ar/rss.xml	http:/www.beinsports.com/ar//ar/rss.xml	Ø¨ÙŠ_Ø¥Ù†_Ø³Ø¨ÙˆØ±ØªØ³	beinsports.com	beinsports.com/ar/	1	1	1	Thu May 10 13:38:53 +0000 2012	Ø§Ù„Ø­Ø³Ø§Ø¨ Ø§Ù„Ø±Ø³Ù…ÙŠ Ù„Ù‚Ù†ÙˆØ§Øª beIN SPORTS	3615441	4260	3762	200	1	en	3762	Ø§Ù„Ø´Ø±Ù‚ Ø§Ù„Ø£ÙˆØ³Ø· ÙˆØ´Ù…Ø§Ù„ Ø£ÙØ±ÙŠÙ‚ÙŠØ§	QA	Qatar	Sports	http://pbs.twimg.com/profile_images/885103388639322113/f4ikd_g8_normal.jpg	73009	Riyadh	http://t.co/6T9usFewkZ	beinsports
27	42196320	Shorouk_News	Shorouk News	http://www.shorouknews.com	shorouknews	-		Ø§Ù„Ø´Ø±ÙˆÙ‚_Ø§Ù„Ø¬Ø¯ÙŠØ¯_(Ø¬Ø±ÙŠØ¯Ø©_Ù…ØµØ±ÙŠØ©)	shorouknews.com	shorouknews.com	1	1	1	Sun May 24 10:56:31 +0000 2009	Ø§Ù„Ø´Ø±ÙˆÙ‚ Ø§Ù„Ø¬Ø¯ÙŠØ¯ Ø¬Ø±ÙŠØ¯Ø© ÙŠÙˆÙ…ÙŠØ© Ù…ØµØ±ÙŠØ© Ù…Ø³ØªÙ‚Ù„Ø© ØªØ£Ø³Ø³Øª ÙÙŠ ÙØ¨Ø±Ø§ÙŠØ± 2009	3610689	9	7029	2	0	en	7029	Cairo, Egypt	EG	Egypt	General	http://pbs.twimg.com/profile_images/1092870993/shorouk-logo-3_normal.png	839289	Cairo	http://t.co/2xuahXBzFk	shoroukvideos
	332566057	ittihad	Ù†Ø§Ø¯ÙŠ Ø§Ù„Ø§ØªØ­Ø§Ø¯ Ø§Ù„Ø³Ø¹ÙˆØ¯ÙŠ	http://www.ittihadfc.com	1927ittihad	-		Ù†Ø§Ø¯ÙŠ_Ø§Ù„Ø§ØªØ­Ø§Ø¯_(Ø§Ù„Ø³Ø¹ÙˆØ¯ÙŠØ©)	ittihadfc.com	ittihadfc.com	1	1	1	Sun Jul 10 01:44:49 +0000 2011	Ø§Ù„Ø­Ø³Ø§Ø¨ Ø§Ù„Ø±Ø³Ù…ÙŠ Ù„Ù†Ø§Ø¯ÙŠ Ø§Ù„Ø§ØªØ­Ø§Ø¯ Ø§Ù„Ø¹Ø±Ø¨ÙŠ Ø§Ù„Ø³Ø¹ÙˆØ¯ÙŠ - Official Account of Alittihad Saudi Club | ğŸ‘»Snapchat: snap.ittihad | ğŸ“·Instagram: ittihadclub.sa	3600673	3	2253	44	1	ar	2253	Ø¬Ø¯Ø©	SA	Saudi Arabia	Sports	http://pbs.twimg.com/profile_images/932712044545085440/vtwePUqg_normal.jpg	25176	Riyadh	https://t.co/f0j8CcCneA	user/AlittihadClubSA
28	327722701	CBCEgypt	CBC Egypt	http://www.cbc-eg.com	CBCEgypt	-		Ø´Ø¨ÙƒØ©_Ù‚Ù†ÙˆØ§Øª_Ø³ÙŠ_Ø¨ÙŠ_Ø³ÙŠ	cbc-eg.com	cbc-eg.com	1	1	0.6624	Sat Jul 02 01:36:29 +0000 2011	Ù‚Ù†Ø§Ø© Ù…ØµØ±ÙŠØ© Ø¹Ø§Ù…Ø© ØªÙ‡Ø¯Ù Ø¥Ù„Ù‰ Ø¥Ø¹Ù„Ø§Ù… Ø±Ø§Ù‚ÙŠ ÙŠØ·Ø±Ø­ ÙˆÙŠÙ†Ø§Ù‚Ø´ Ø¢Ø±Ø§Ø¡ Ø¬Ù…ÙŠØ¹ Ø§Ø·ÙŠØ§Ù Ø§Ù„Ù…Ø¬ØªÙ…Ø¹ Ø§Ù„Ù…ØµØ±ÙŠ - Ø¨Ù„Ø§ Ø¥Ù†Ø­ÙŠØ§Ø² Ø³ÙŠØ§Ø³ÙŠ Ø£Ùˆ Ø¯ÙŠÙ†ÙŠ <LF> Nilesat 11488 Horizontal<LF> Ù†Ø§ÙŠÙ„ Ø³Ø§Øª 11488 Ø§ÙÙ‚ÙŠ	3573064	7	4084	18	0	en	4084	Egypt	EG	Egypt	General	http://pbs.twimg.com/profile_images/879055481918152704/zticgrVr_normal.jpg	360603	Cairo	http://t.co/bmigrIrWqh	user/CBCEgypt
29	71516564	RTarabic	RT Arabic	http://arabic.rt.com/	RTArabicKnowledge	https://arabic.rt.com/rss/	http:/arabic.rt.com/rss/	Ø¢Ø±_ØªÙŠ_(Ø´Ø¨ÙƒØ©_ØªÙ„ÙØ§Ø²)	rt.com	arabic.rt.com	1	1	1	Fri Sep 04 11:52:42 +0000 2009	Ø¢Ø®Ø± Ø£Ø®Ø¨Ø§Ø± Ø§Ù„Ø¹Ø§Ù„Ù… Ø§Ù„Ø¹Ø±Ø¨ÙŠ. Ø¢Ø±Ø§Ø¡ Ø§Ù„Ù…Ø®ØªØµÙŠÙ†. ØªÙ‚Ø§Ø±ÙŠØ± Ù…Ù† Ù…ÙˆÙ‚Ø¹ Ø§Ù„Ø­Ø¯Ø«. ØªØ¹Ù„ÙŠÙ‚Ø§Øª Ø§Ù„Ù…Ø´Ø§Ù‡Ø¯ÙŠÙ†. ØµÙˆØ± Ù„Ù„Ø£Ø­Ø¯Ø§Ø«. ÙƒÙ„ Ø°Ù„Ùƒ Ø¹Ù„Ù‰ Ù…ÙˆÙ‚Ø¹ RT Arabic	3412506	11	6121	391	1	en	6121	Moscow	RU	Russia	General	http://pbs.twimg.com/profile_images/850637266594787328/5XLG_O8j_normal.jpg	461880	Volgograd	http://t.co/w9PcUL65x0	RTarabic
30	53059376	ajmubasher	Ø§Ù„Ø¬Ø²ÙŠØ±Ø© Ù…Ø¨Ø§Ø´Ø±	http://mubasher.aljazeera.net	ajmubasher	-		Ø§Ù„Ø¬Ø²ÙŠØ±Ø©_Ù…Ø¨Ø§Ø´Ø±	aljazeera.net	mubasher.aljazeera.net	1	1	1	Thu Jul 02 13:18:34 +0000 2009	Ø£ÙˆÙ„ Ù‚Ù†Ø§Ø© ØªÙ„ÙØ²ÙŠÙˆÙ†ÙŠØ© Ø¹Ø±Ø¨ÙŠØ© Ù…ØªØ®ØµØµØ© ÙÙŠ Ù†Ù‚Ù„ Ø§Ù„Ø£Ø­Ø¯Ø§Ø« Ø§Ù„Ù…Ø¨Ø§Ø´Ø±Ø© ØªØ­Øª Ø´Ø¹Ø§Ø± ØªÙ„ÙØ²ÙŠÙˆÙ† Ø§Ù„ÙˆØ§Ù‚Ø¹ Ø§Ù„Ø¥Ø®Ø¨Ø§Ø±ÙŠ .. Ù„Ø£Ø­Ø¯Ø« ÙˆØ£Ù‡Ù… Ø§Ù„Ø£Ø®Ø¨Ø§Ø± ØªØ§Ø¨Ø¹ÙˆÙ†Ø§ Ø¹Ù„Ù‰ Ø­Ø³Ø§Ø¨ Ø§Ù„Ø¬Ø²ÙŠØ±Ø© Ù…Ø¨Ø§Ø´Ø± Ø§Ù„Ø¢Ù† : @ajmurgent	3411945	2166	4229	17	1	en	4229	Qatar	QA	Qatar	General	http://pbs.twimg.com/profile_images/486086685399085057/Q4GRhufl_normal.png	132806	Riyadh	https://t.co/s1QCCp7xPI	aljazeeramubasher
31	458301345	SkyNewsArabia_B	Ø³ÙƒØ§ÙŠ Ù†ÙŠÙˆØ² Ø¹Ø±Ø¨ÙŠØ©-Ø§Ù„Ø¢Ù†	http://www.skynewsarabia.com	SkyNewsArabia	https://www.skynewsarabia.com/rss.xml	http:/www.skynewsarabia.com/web/rss.xml	Ø³ÙƒØ§ÙŠ_Ù†ÙŠÙˆØ²_Ø¹Ø±Ø¨ÙŠØ©	skynewsarabia.com	skynewsarabia.com	1	1	1	Sun Jan 08 12:02:58 +0000 2012	ØªØ±Ø¯Ø¯Ø§Øª Ø§Ù„Ù‚Ù†Ø§Ø©<LF>http://t.co/DY77ZO3E	3409326	2	4734	34	1	en	4734	Abu Dhabi, UAE	AE	United Arab Emirates	General	http://pbs.twimg.com/profile_images/876795629154029568/h_mcwmPL_normal.jpg	105236	Abu Dhabi	http://t.co/BoUx26sThV	skynewsarabia
	397036704	MnbrAlhilal	Ù…Ù†Ø¨Ø± Ø§Ù„Ù‡Ù„Ø§Ù„	http://v.ht/Snap-Mnbr	MnbrAlhillal	-		-	v.ht	v.ht/Snap-Mnbr	0	1	1	Mon Oct 24 04:27:34 +0000 2011	Ø£ÙƒØ¨Ø± Ø´Ø¨ÙƒØ© Ù…Ø®ØªØµØ© Ø¨Ø£Ø®Ø¨Ø§Ø± Ù†Ø§Ø¯ÙŠ Ø§Ù„Ù‡Ù„Ø§Ù„. (Fan page, unofficial account) snapchat: snap-mnbr Ù„Ù„ØªÙˆØ§ØµÙ„: Mnbralhilal@outlook.com	3371124	1558	2280	557	1	en	2280	WhatsApp:0533902509	SA	Saudi Arabia	Sports	http://pbs.twimg.com/profile_images/748260592981524480/6GrTFxnv_normal.jpg	87367	Baghdad	https://t.co/khwbE39YtR	channel/UCqMrSsgkZBaQ-YwHmeseHAQ
32	317337788	KSASociety	Ù…Ø¬ØªÙ…Ø¹Ù†Ø§	http://Instagram.com/KSASOCIETY	-	-	/web/rss/home.xml	-	-	Instagram.com/KSASOCIETY	0	1	1	Tue Jun 14 19:50:22 +0000 2011	Ø­Ø³Ø§Ø¨ #Ù…Ø¬ØªÙ…Ø¹Ù†Ø§ ØŒ Ù†Ø§ÙØ°ØªÙƒÙ… Ø¹Ù„Ù‰ ØªÙˆÙŠØªØ± ØŒ Ù†Ø±ØµØ¯ ÙˆÙ†Ø­Ù„Ù„ ÙƒÙ„ Ù…Ø§ ÙŠØ¯ÙˆØ± ÙÙŠÙ‡ .  | Ù„Ù„ØªÙˆØ§ØµÙ„: Ads2017MHD@gmail.com	3350254	10841	2993	68	1	en	2993	Ø§Ù„Ù…Ù…Ù„ÙƒØ© Ø§Ù„Ø¹Ø±Ø¨ÙŠØ© Ø§Ù„Ø³Ø¹ÙˆØ¯ÙŠØ©	SA	Saudi Arabia	General	http://pbs.twimg.com/profile_images/719225000625094656/vwMbh7iv_normal.jpg	59779	Riyadh	https://t.co/EjBBJs8QWw	
33	311938177	mbc4	mbc4	http://www.mbc.net/mbc4	-	-		Ø¥Ù…_Ø¨ÙŠ_Ø³ÙŠ_4	mbc.net	mbc.net/mbc4	1	1	1	Mon Jun 06 09:45:31 +0000 2011	MBC4 is the Arab worldâ€™s first exclusive tailored channel for Women and young Arab Families. It broadcasts the latest in top-rated Western content entertainment	3345428	0	1139	0	1	en	1139		SA	Saudi Arabia	Entertainment	http://pbs.twimg.com/profile_images/2325159358/zqf01j3bx2atmuygsiuk_normal.jpeg	42041	Muscat	http://t.co/V1kkuL1YDt	channel/UCLnQlfpGY1OSJ8HUlYRnvqw
34	332164742	ShahidVOD	SHAHID	http://www.shahid.net	-	-		-	shahid.net	shahid.net	1	1	0.6656	Sat Jul 09 09:53:05 +0000 2011	SHAHID Ù‡Ù‰ Ø®Ø¯Ù…Ø© Ø§Ù„ÙÙŠØ¯ÙŠÙˆ Ø­Ø³Ø¨ Ø§Ù„Ø·Ù„Ø¨ Ø§Ù„Ø£ÙˆÙ„Ù‰ ÙÙŠ Ø§Ù„Ø¹Ø§Ù„Ù… Ø§Ù„Ø¹Ø±Ø¨ÙŠØŒ Ø­Ù…Ù„ ØªØ·Ø¨ÙŠÙ‚Ùƒ Ø§Ù„Ù…ÙØ¶Ù„ Ø§Ù„Ø£Ù† https://t.co/cA2IKWdPry	3337575	185	1309	0	0	en	1309		SA	Saudi Arabia	Entertainment	http://pbs.twimg.com/profile_images/942758855649488896/kn0nt1Tt_normal.jpg	39581	Muscat	http://t.co/8dJlixHQfW	user/ShahidVOD
35	166566887	ONENT	ON E	http://www.ONtveg.com	OnEntertainment.eg	-		Ø£ÙˆÙ†_Ø¥ÙŠ	ontveg.com	ONtveg.com	1	1	0.6656	Wed Jul 14 13:42:21 +0000 2010	#ON_E Ø¨ØªÙ‚Ù†ÙŠØ© HD ØªÙ…Ù†Ø­Ùƒ ØªØ¬Ø±Ø¨Ø© Ù…Ù…ØªØ¹Ø© ÙˆÙ…Ø¬Ù…ÙˆØ¹Ø© Ù…Ù…ÙŠØ²Ø© Ù…Ù† Ø§Ù„Ø£ÙÙ„Ø§Ù… ÙˆØ§Ù„Ø¨Ø±Ø§Ù…Ø¬ ÙˆØ§Ù„Ù…Ø³Ù„Ø³Ù„Ø§Øª Ø§Ù„Ø¬Ø¯ÙŠØ¯Ø© Ø¹Ø¨Ø± ØªØ±Ø¯Ø¯ 10853 Ø£ÙÙ‚ÙŠ Ù†Ø§ÙŠÙ„ Ø³Ø§Øª Ù…Ø¹Ø§Ù…Ù„ Ø§Ù„ØªØ±Ù…ÙŠØ² 27500 Ù…Ø¹Ø§Ù…Ù„ ØªØµØ­ÙŠØ­ Ø§Ù„Ø®Ø·Ø£ 6/5	3195755	97	4907	6	0	en	4907	Egypt	EG	Egypt	General	http://pbs.twimg.com/profile_images/945252113457827840/YAOWt8BQ_normal.jpg	323453	Cairo	https://t.co/PwcpccswzF	user/Ontveg
36	325833975	TahrirNews	Ø§Ù„ØªØ­Ø±ÙŠØ± Ø§Ù„Ø¥Ø®Ø¨Ø§Ø±ÙŠ	http://www.tahrirnews.com	Tahrir.News.Official	https://www.tahrirnews.com/Rss		Ø§Ù„ØªØ­Ø±ÙŠØ±_(Ø¬Ø±ÙŠØ¯Ø©_Ù…ØµØ±ÙŠØ©)	tahrirnews.com	tahrirnews.com	1	1	1	Tue Jun 28 23:16:32 +0000 2011	Ø§Ù„Ø­Ø³Ø§Ø¨ Ø§Ù„Ø±Ø³Ù…ÙŠ Ù„Ø¬Ø±ÙŠØ¯Ø© Ø§Ù„ØªØ­Ø±ÙŠØ± Ø¹Ù„Ù‰ ØªÙˆÙŠØªØ±	3149640	8	4963	5	0	en	4963		EG	Egypt	General	http://pbs.twimg.com/profile_images/853540723148435456/by73n8YB_normal.jpg	436396	Cairo	http://t.co/nH4p89j9dq	channel/UC0OvQC3KvX1HnvbB1KV9XpA
37	404063624	ActionYaDawry	Ø£ÙƒØ´Ù† ÙŠØ§Ø¯ÙˆØ±ÙŠ	http://www.mbc.net/dawry	-	-		-	mbc.net	mbc.net/dawry	1	1	0.663	Thu Nov 03 11:47:17 +0000 2011	( #Ø§ÙƒØ´Ù†_ÙŠØ§_Ø¯ÙˆØ±ÙŠ ) Ù…Ø¹ ÙˆÙ„ÙŠØ¯ Ø§Ù„ÙØ±Ø§Ø¬ ÙŠØ£ØªÙŠÙƒÙ…  ÙŠÙˆÙ…ÙŠØ§Ù‹  Ø¹Ù†Ø¯ Ø§Ù„Ø³Ø§Ø¹Ø© Ù¡Ù¡ Ù…Ø³Ø§Ø¡ Ø¨ØªÙˆÙ‚ÙŠØª Ù…ÙƒØ© Ø§Ù„Ù…ÙƒØ±Ù…Ø© Ø¹Ù„Ù‰ Ø´Ø§Ø´Ø© mbc action	3103350	33	4917	24	1	en	4917		SA	Saudi Arabia	Entertainment	http://pbs.twimg.com/profile_images/378800000338335612/7919a931aaaa90db7751fdfe132300ef_normal.jpeg	99377	Quito	http://t.co/pwAKJMUMKo	channel/UCz2X6dJpNjvpguA4MkYHdug
38	169108336	aawsat_News	ØµØ­ÙŠÙØ© Ø§Ù„Ø´Ø±Ù‚ Ø§Ù„Ø£ÙˆØ³Ø·	http://aawsat.com	asharqalawsat.a?ref=ts&fref=ts	-		Ø§Ù„Ø´Ø±Ù‚_Ø§Ù„Ø£ÙˆØ³Ø·_(Ø¬Ø±ÙŠØ¯Ø©)	aawsat.com	aawsat.com	1	1	1	Wed Jul 21 15:26:41 +0000 2010	Ø§Ù„Ø­Ø³Ø§Ø¨ Ø§Ù„Ø±Ø¦ÙŠØ³ÙŠ Ù„Ø¬Ø±ÙŠØ¯Ø© Ø§Ù„Ø¹Ø±Ø¨ Ø§Ù„Ø¯ÙˆÙ„ÙŠØ© Ø§Ù„Ø´Ø±Ù‚ Ø§Ù„Ø£ÙˆØ³Ø· Ù…Ù† #Ù„Ù†Ø¯Ù† @aawsat_news	2977211	1	4250	7	0	en-gb	4250	London	UK	United Kingdom	General	http://pbs.twimg.com/profile_images/927537362313318400/m1ca_x8F_normal.jpg	246033	London	https://t.co/lrsGnTGy5p	user/aawsatv
39	36636494	AlMasryAlYoum	Ø§Ù„Ù…ØµØ±ÙŠ Ø§Ù„ÙŠÙˆÙ…	http://almasryalyoum.com	almasryalyoum	http://www.almasryalyoum.com/rss	http:/almasryalyoum.com/rss	Ø§Ù„Ù…ØµØ±ÙŠ_Ø§Ù„ÙŠÙˆÙ…	almasryalyoum.com	almasryalyoum.com	1	1	1	Thu Apr 30 10:48:51 +0000 2009	Ø§Ù„Ù…ØµØ±ÙŠ Ø§Ù„ÙŠÙˆÙ…ØŒ Ø§Ù„ØµØ­ÙŠÙØ© Ø§Ù„ÙŠÙˆÙ…ÙŠØ© Ø§Ù„Ø£ÙˆÙ„Ù‰ ÙÙŠ Ù…ØµØ±	2919420	73	9001	54	1	en	9001	Cairo, Egypt	EG	Egypt	General	http://pbs.twimg.com/profile_images/937651947947069440/A9oCTWDH_normal.jpg	797759	Cairo	http://t.co/x3xXBIwzPS	user/AlMasryAlYoum
40	67277253	aleqtisadiah	ØµØ­ÙŠÙØ© Ø§Ù„Ø§Ù‚ØªØµØ§Ø¯ÙŠØ©	http://www.aleqt.com	aleqtisadiah	http://www.aleqt.com/page/view/rss	http:/www.aleqt.com/page/view/rss	Ø¬Ø±ÙŠØ¯Ø©_Ø§Ù„Ø§Ù‚ØªØµØ§Ø¯ÙŠØ©	aleqt.com	aleqt.com	1	1	1	Thu Aug 20 09:59:25 +0000 2009	ØµØ­ÙŠÙØ© Ø§Ù„Ø§Ù‚ØªØµØ§Ø¯ÙŠØ© - Ø¬Ø±ÙŠØ¯Ø© Ø§Ù„Ø¹Ø±Ø¨ Ø§Ù„Ø§Ù‚ØªØµØ§Ø¯ÙŠØ© Ø§Ù„Ø¯ÙˆÙ„ÙŠÙ‘Ø©  aleqte@aleqt.com	2888419	70	2514	7	0	ar	2514	Ø§Ù„Ø±ÙŠØ§Ø¶	SA	Saudi Arabia	Economy	http://pbs.twimg.com/profile_images/937363052013522944/KxEFK6NW_normal.jpg	278795	Riyadh	http://t.co/9h5xOUOEix	user/eqttv
41	1264208004	AlAhly	Al Ahly SC	http://www.alahlyegypt.com	Officialahlysc	-		Ø§Ù„Ù†Ø§Ø¯ÙŠ_Ø§Ù„Ø£Ù‡Ù„ÙŠ_(Ù…ØµØ±)	alahlyegypt.com	alahlyegypt.com	1	1	1	Wed Mar 13 11:24:33 +0000 2013	The Official Account of Al Ahly SC - African Club of the 20th Century & Champions of 20 continental titles<LF> - Ø§Ù„Ø­Ø³Ø§Ø¨ Ø§Ù„Ø±Ø³Ù…ÙŠ Ù„Ù„Ù†Ø§Ø¯ÙŠ Ø§Ù„Ø£Ù‡Ù„ÙŠ. @AlAhlyEnglish	2887392	630	1221	55	1	en	1221	Cairo, Egypt	EG	Egypt	Sports	http://pbs.twimg.com/profile_images/959015792972124161/hJ-hBI38_normal.jpg	19865	Cairo	https://t.co/a9rAEEkj36	alahly
42	14556875	techwd	Ø¹Ø§Ù„Ù… Ø§Ù„ØªÙ‚Ù†ÙŠØ©	http://www.tech-wd.com	tech.wd	https://www.tech-wd.com/wd/feed/		Ø¹Ø§Ù„Ù…_Ø§Ù„ØªÙ‚Ù†ÙŠØ©	tech-wd.com	tech-wd.com	1	1	0.6698	Sun Apr 27 10:09:19 +0000 2008	Ù…Ù†Ø° 2008 ÙˆØºØ§ÙŠØªÙ†Ø§ ÙÙŠ Ø¹Ø§Ù„Ù… Ø§Ù„ØªÙ‚Ù†ÙŠØ© Ù‡ÙŠ Ø£Ù† Ù†Ø¶Ø¹ Ø£Ø®Ø¨Ø§Ø± Ø§Ù„ØªÙ‚Ù†ÙŠØ© Ø¨ÙŠÙ† ÙŠØ¯ÙŠÙƒ!<LF>Ù„Ù„ØªÙˆØ§ØµÙ„ Ù…Ù† Ø®Ù„Ø§Ù„ Ø§Ù„Ø¨Ø±ÙŠØ¯: saud@tech-wd.com<LF>Ù…Ø¤Ø³Ø³ Ø§Ù„Ù…ÙˆÙ‚Ø¹ @saud264	2868096	24	4607	34	1	en	4607	Saudi Arabia	SA	Saudi Arabia	Science	http://pbs.twimg.com/profile_images/3442757979/a007c1a67e5350c5f5a48c608cea1b07_normal.jpeg	38286	Riyadh	http://t.co/HnyLTPGII3	user/techwd
	258620242	Shamma_Hamdan	S H R	https://youtu.be/rNnPl3_jIyU	Shamma-Hamdan-225512370867364/	-		-	-	youtu.be/rNnPl3_jIyU	1	1	0.6609	Mon Feb 28 03:15:40 +0000 2011		2833658	4024	3315	338	0	en	3315		AE	United Arab Emirates	Entertainment	http://pbs.twimg.com/profile_images/946942232606715904/iBCST5Ff_normal.jpg	10901	None	https://t.co/SfUMcUEJZG	
43	798699296	News_Brk24	Ø£Ø®Ø¨Ø§Ø± Ø¹Ø§Ø¬Ù„Ø©	http://www.newsbrk24.com	-	http://newsbrk24.com/rss.xml	http://newsbrk24.com/rss.xml	-	newsbrk24.com	newsbrk24.com	0	1	1	Sun Sep 02 17:26:38 +0000 2012	Ø¢Ø®Ø± Ø§Ù„Ø£Ø®Ø¨Ø§Ø± Ø§Ù„Ø¹Ø§Ø¬Ù„Ø© Ø¨ÙŠÙ† ÙŠØ¯ÙŠÙƒ .. Ù…ØªØ§Ø¨Ø¹Ø© Ù„Ø£Ù‡Ù… Ø§Ù„Ø£Ø®Ø¨Ø§Ø± .. Ø¬Ø¯ÙŠØ¯ Ø§Ù„ØµÙˆØ± ÙˆØ§Ù„ÙÙŠØ¯ÙŠÙˆ .. (Ø§Ù„Ø­Ø³Ø§Ø¨ Ø§Ù„Ø±Ø³Ù…ÙŠ) Ù„Ù„ØªÙˆØ§ØµÙ„: NewsBrk24@gmail.com	2813493	53	2676	2	1	ar	2676	ÙˆØ¢ØªØ³ Ø¢Ø¨: 00966583429924	SA	Saudi Arabia	General	http://pbs.twimg.com/profile_images/892050386906906628/KwHRtp9K_normal.jpg	71745	Baghdad	https://t.co/m8FYQ2stww	
44	33512799	NileFM	104.2 Nile FM	http://www.nilefm.com	NileFM	-		Ù†Ø§ÙŠÙ„_Ø¥Ù_Ø¥Ù…	nilefm.com	nilefm.com	1	1	0.6622	Mon Apr 20 13:34:31 +0000 2009	Egypt's #1 Hit Music Station! Bringing you the world's biggest artists and songs, the hottest DJs, and all the entertainment news since 2003!	2787678	1179	361	382	1	en	361	Cairo, Egypt	EG	Egypt	Entertainment	http://pbs.twimg.com/profile_images/552086695626031104/jw5jyvYb_normal.jpeg	58771	Cairo	https://t.co/HBoRLjrIvV	user/NileFM
45	142264595	fifacom_ar	FIFA.com - Ø¹Ø±Ø¨ÙŠ	http://ar.fifa.com/index.html	fifa	-		Ø§Ù„Ø§ØªØ­Ø§Ø¯_Ø§Ù„Ø¯ÙˆÙ„ÙŠ_Ù„ÙƒØ±Ø©_Ø§Ù„Ù‚Ø¯Ù…	fifa.com	ar.fifa.com/index.html	1	1	1	Mon May 10 12:10:42 +0000 2010	Ø§Ù„Ø­Ø³Ø§Ø¨ Ø§Ù„Ø±Ø³Ù…ÙŠ Ù„Ù„Ø¥ØªØ­Ø§Ø¯ Ø§Ù„Ø¯ÙˆÙ„ÙŠ Ù„ÙƒØ±Ø© Ø§Ù„Ù‚Ø¯Ù… FIFA Ø¨Ø§Ù„Ù„ØºØ© Ø§Ù„Ø¹Ø±Ø¨ÙŠØ©. Ù†Ù‚ÙˆÙ… Ø¨ØªØºØ±ÙŠØ¯ ÙƒÙ„ Ø§Ù„Ø£Ø®Ø¨Ø§Ø± Ø§Ù„Ù…ØªØ¹Ù„Ù‚Ø© Ø¨ÙƒØ±Ø© Ø§Ù„Ù‚Ø¯Ù… 24 Ø³Ø§Ø¹Ø© Ø¹Ù„Ù‰ Ù…Ø¯Ø§Ø± Ø§Ù„Ø£Ø³Ø¨ÙˆØ¹.	2759042	1018	2379	398	0	en	2379		UN	UN	Sports	http://pbs.twimg.com/profile_images/942811528587300864/rrzryBKy_normal.jpg	51530	Riyadh	https://t.co/nfXQTfg2ce	FIFATV
46	195514349	Bey2ollak	Bey2ollak - Ø¨ÙŠÙ‚ÙˆÙ„Ùƒ	http://app.bey2ollak.com/?id=828302940	-	-		-	bey2ollak.com	app.bey2ollak.com/?id=828302940	1	1	1	Sun Sep 26 22:23:58 +0000 2010	Ù„Ø³Ù‡ Ø¨ØªØªØ²Ù†Ù‚ ÙÙŠ Ø§Ù„Ø²Ø­Ù…Ø©ØŸ Ù†Ø²Ù„ Ø¨Ø±Ù†Ø§Ù…Ø¬ Ø¨ÙŠÙ‚ÙˆÙ„Ùƒ ÙˆØ§Ù†Ø¶Ù… Ù„Ø£ÙƒØªØ± Ù…Ù† Ù…Ù„ÙŠÙˆÙ† Ù…ØµØ±ÙŠ Ø¨ÙŠØ­Ø§Ø±Ø¨ÙˆØ§ Ø§Ù„Ø²Ø­Ù…Ø© - Ø­Ù…Ù„ Ù…Ù† Ù‡Ù†Ø§: https://t.co/uQoTHsVRlm	2744096	2048	703	5	1	en	703	Cairo, Egypt	EG	Egypt	General	http://pbs.twimg.com/profile_images/858322522651189248/6dbP1kuS_normal.jpg	30882	Cairo	http://t.co/uQoTHsEOjm	
	523926217	AlNassrFC	Ù†Ø§Ø¯ÙŠ Ø§Ù„Ù†ØµØ± Ø§Ù„Ø³Ø¹ÙˆØ¯ÙŠ	http://www.alnassrfc.com/	Ù†Ø§Ø¯ÙŠ-Ø§Ù„Ù†ØµØ±-Ø§Ù„Ø³Ø¹ÙˆØ¯ÙŠ-1951478818459049	-		Ù†Ø§Ø¯ÙŠ_Ø§Ù„Ù†ØµØ±_(Ø§Ù„Ø³Ø¹ÙˆØ¯ÙŠØ©)	alnassrfc.com	alnassrfc.com	1	1	1	Wed Mar 14 02:26:23 +0000 2012	Ø§Ù„Ø­Ø³Ø§Ø¨ Ø§Ù„Ø±Ø³Ù…ÙŠ Ù„Ù†Ø§Ø¯ÙŠ #Ø§Ù„Ù†ØµØ± Ø§Ù„Ø³Ø¹ÙˆØ¯ÙŠ - AlNassr Saudi Club Official Account - English Version : @AlNassrSaudiFCe	2732647	2	2928	14	0	ar	2928	Ø§Ù„Ø±ÙŠØ§Ø¶, Ø§Ù„Ø³Ø¹ÙˆØ¯ÙŠØ©	SA	Saudi Arabia	Sports	http://pbs.twimg.com/profile_images/875415678559428609/Jtp48YER_normal.jpg	18858	Riyadh	http://t.co/Ar6UUJGRgJ	user/Nassrchannel
47	85270883	alsumariatv	AlsumariaTV-Ø§Ù„Ø³ÙˆÙ…Ø±ÙŠØ©	http://www.alsumaria.tv	AlsumariaChannel	https://www.alsumaria.tv/Rss		Ù‚Ù†Ø§Ø©_Ø§Ù„Ø³ÙˆÙ…Ø±ÙŠØ©_Ø§Ù„ÙØ¶Ø§Ø¦ÙŠØ©	alsumaria.tv	alsumaria.tv	1	1	1	Mon Oct 26 08:42:47 +0000 2009	Ù‚Ù†Ø§Ø© Ø§Ù„Ø³ÙˆÙ…Ø±ÙŠØ© Ù…Ù†Ø¨Ø± Ù„ØµÙˆØª ÙƒÙ„ Ù…ÙˆØ§Ø·Ù† Ø¹Ø±Ø§Ù‚ÙŠ ÙƒÙ…Ø§ ÙŠÙ‚ÙˆÙ„ Ø´Ø¹Ø§Ø±Ù‡Ø§  - Ù†Ø¨Ø« Ø§Ù„Ø­ÙŠØ§Ø© -  <LF>ØªÙˆØ§ØµÙ„ÙˆØ§ Ù…Ø¹Ù†Ø§ Ø¯Ø§Ø¦Ù…Ø§ @Alsumariatv ÙˆØ­Ù…Ù„ÙˆØ§ ØªØ·Ø¨ÙŠÙ‚ Ø§Ù„Ø³ÙˆÙ…Ø±ÙŠØ© http://t.co/iJJuCyEbzA	2680446	54	482	516	1	en	482	Baghdad - Iraq	IQ	Iraq	General	http://pbs.twimg.com/profile_images/812277482485334016/3P0pTlud_normal.jpg	52514	Kuwait	http://t.co/BOr9p9KJBw	channel/UCWhdSvXarykqCL4fqS3rm1Q
	304754319	ZSCOfficial	Ù†Ø§Ø¯ÙŠ Ø§Ù„Ø²Ù…Ø§Ù„Ùƒ	-	abdelhalimalilover	-		Ù†Ø§Ø¯ÙŠ_Ø§Ù„Ø²Ù…Ø§Ù„Ùƒ	-		1	1	1	Wed May 25 02:00:37 +0000 2011	âš½ï¸ Ù…Ø±Ø­Ø¨Ø§Ù‹ Ø¨ÙƒÙ… ÙÙŠ Ø§Ù„Ø­Ø³Ø§Ø¨ Ø§Ù„Ø±Ø³Ù…ÙŠ Ù„Ù†Ø§Ø¯ÙŠ #Ø§Ù„Ø²Ù…Ø§Ù„ÙƒØŒğŸ†ğŸŒ Ø§Ù„Ù†Ø§Ø¯ÙŠ Ø§Ù„Ø£ÙƒØ«Ø± ØªØªÙˆÙŠØ¬Ø§Ù‹ Ø¨Ø§Ù„Ø¨Ø·ÙˆÙ„Ø§Øª Ø§Ù„Ø¥ÙØ±ÙŠÙ‚ÙŠØ© ÙÙŠ Ø§Ù„Ù‚Ø±Ù† Ø§Ù„Ø¹Ø´Ø±ÙŠÙ†.<LF><LF>For English: @ZSCOfficial_EN	2615240	14	851	42	1	en	851	Giza, Egypt	EG	Egypt	Sports	http://pbs.twimg.com/profile_images/964856833537204224/7uD5eiyE_normal.jpg	23560	Cairo	None	channel/UC3ec71G_ccprsuO_EzcoZ9w
48	311949033	mbcdrama	MBC Drama	http://www.mbc.net/mbcdrama	-	-		Ø¥Ù…_Ø¨ÙŠ_Ø³ÙŠ_Ø¯Ø±Ø§Ù…Ø§	mbc.net	mbc.net/mbcdrama	1	1	1	Mon Jun 06 10:17:01 +0000 2011	MBC DRAMA is the latest addition to the Group, and was officially launched on November 27th 2010. It is a family channel, with 24/7 Arabic drama series.	2600478	0	854	14	0	en	854		SA	Saudi Arabia	Entertainment	http://pbs.twimg.com/profile_images/378800000338486855/0b44b3373e9f7d0a459cd2c63e055705_normal.jpeg	27397	Muscat	http://t.co/3kixNzhaRL	channel/UCBAEVMr0li9YYF8IwZHfusw
49	278519480	AlArabiya_Iraq	Ø§Ù„Ø¹Ø±Ø¨ÙŠØ© Ø§Ù„Ø¹Ø±Ø§Ù‚	http://www.alarabiya.net	AlArabiya	-		Ù‚Ù†Ø§Ø©_Ø§Ù„Ø¹Ø±Ø¨ÙŠØ©	alarabiya.net	alarabiya.net	1	1	1	Thu Apr 07 12:50:14 +0000 2011	Ø­Ø³Ø§Ø¨ Ù‚Ù†Ø§Ø© #Ø§Ù„Ø¹Ø±Ø¨ÙŠØ© Ù„ØªØºØ·ÙŠØ© Ø£Ø®Ø¨Ø§Ø± #Ø§Ù„Ø¹Ø±Ø§Ù‚	2511798	0	732	36	1	en-gb	732	Dubai	AE	United Arab Emirates	General	http://pbs.twimg.com/profile_images/820570596656484353/Q78YVGeH_normal.jpg	23614	Abu Dhabi	http://t.co/sSUNKAl3mK	user/AlArabiya
50	239934539	sadaalmalaeb	ØµØ¯Ù‰ Ø§Ù„Ù…Ù„Ø§Ø¹Ø¨	http://www.mbc.net/sada	-	-		ØµØ¯Ù‰_Ø§Ù„Ù…Ù„Ø§Ø¹Ø¨	mbc.net	mbc.net/sada	1	1	1	Tue Jan 18 19:40:42 +0000 2011	Ø§Ù„Ù…ÙˆÙ‚Ø¹ Ø§Ù„Ø£Ø­Ù„Ù‰ ÙˆØ§Ù„Ø£ÙƒÙ…Ù„ ÙˆØ§Ù„Ø£Ø¬Ù…Ù„ ÙˆØ§Ù„Ø£ÙØ¶Ù„ ÙƒÙ…Ø§Ù†...	2483431	17	3995	16	0	en	3995		SA	Saudi Arabia	Sports	http://pbs.twimg.com/profile_images/838483672076529665/vtFff93N_normal.jpg	137863	Muscat	http://t.co/7z3ZksaB2t	channel/UCGiyusn7vizuy25UE3kAPRQ
	2761843375	MOISaudiArabia	ÙˆØ²Ø§Ø±Ø© Ø§Ù„Ø¯Ø§Ø®Ù„ÙŠØ©	http://www.moi.gov.sa	MOISaudiArabia	-		ÙˆØ²Ø§Ø±Ø©_Ø§Ù„Ø¯Ø§Ø®Ù„ÙŠØ©_(Ø§Ù„Ø³Ø¹ÙˆØ¯ÙŠØ©)	moi.gov.sa	moi.gov.sa	1	1	0.6786	Sun Aug 24 08:39:47 +0000 2014	Ø§Ù„Ø­Ø³Ø§Ø¨ Ø§Ù„Ø±Ø³Ù…ÙŠ Ù„ÙˆØ²Ø§Ø±Ø© Ø§Ù„Ø¯Ø§Ø®Ù„ÙŠØ© Ø§Ù„Ø³Ø¹ÙˆØ¯ÙŠØ©	2479775	0	2047	1	0	ar	2047	Saudi Arabia	SA	Saudi Arabia	General	http://pbs.twimg.com/profile_images/912662249558495232/dk7-wLOR_normal.jpg	2842	Riyadh	http://t.co/6FKIk3oKRd	user/moigovsa
	1330078938	ejazah_ksa	Ø¥Ø¬Ø§Ø²Ø§Øª Ø§Ù„Ø³Ø¹ÙˆØ¯ÙŠØ©	http://Instagram.com/ejazah_ksa	Ø§Ø¬Ø§Ø²Ø§Øª-Ø§Ù„Ø³Ø¹ÙˆØ¯ÙŠØ©-643756658980126/?ref=br_rs	-		-	-	Instagram.com/ejazah_ksa	0	1	0.677	Fri Apr 05 21:14:17 +0000 2013	Ø­Ø³Ø§Ø¨ Ù…ØªØ®ØµØµ ÙÙŠ Ù†Ø´Ø± Ø§Ù„Ø¥Ø¬Ø§Ø²Ø§Øª Ø§Ù„Ø±Ø³Ù…ÙŠØ© ÙˆØ£Ø®Ø¨Ø§Ø± ØªØ¹Ù„ÙŠÙ‚ Ø§Ù„Ø¯Ø±Ø§Ø³Ø© ÙÙŠ Ø¬Ù…ÙŠØ¹ Ù…Ù†Ø§Ø·Ù‚ Ø§Ù„Ù…Ù…Ù„ÙƒØ© Ø§Ù„Ø¹Ø±Ø¨ÙŠØ© Ø§Ù„Ø³Ø¹ÙˆØ¯ÙŠØ© (Ø§Ù„Ø¬Ø§Ù…Ø¹Ø§Øª - Ø§Ù„Ù…Ø¯Ø§Ø±Ø³) Ù„Ù„ØªÙˆØ§ØµÙ„ ÙˆØ§Ù„Ø¥Ø¹Ù„Ø§Ù† : ejazah.ksa@gmail.com	2453823	222	684	0	1	ar	684	Ø§Ù„Ø³Ø¹ÙˆØ¯ÙŠØ©	SA	Saudi Arabia	General	http://pbs.twimg.com/profile_images/378800000456258624/2b5dc7f28c5c18a6f58cc1d2d7ee598e_normal.jpeg	1783	None	http://t.co/Iv7Q2pObFb	
51	526343521	ElwatanNews	Ø¨ÙˆØ§Ø¨Ø© Ø§Ù„ÙˆØ·Ù†	http://www.Elwatannews.com	ElWatanNews	https://www.elwatannews.com/home/rssfeeds	https://www.elwatannews.com/home/rssfeeds	Ø§Ù„ÙˆØ·Ù†_(Ø¬Ø±ÙŠØ¯Ø©_Ù…ØµØ±ÙŠØ©)	elwatannews.com	Elwatannews.com	1	1	1	Fri Mar 16 12:27:20 +0000 2012	Ø¬Ø±ÙŠØ¯Ø© Ù…ØµØ±ÙŠØ© ÙŠÙˆÙ…ÙŠØ© Ù…Ø³ØªÙ‚Ù„Ø©	2369754	80	2880	2	1	en	2880	Egypt	EG	Egypt	General	http://pbs.twimg.com/profile_images/880379813164441605/z7rJWOn0_normal.jpg	650567	Cairo	http://t.co/b7NQF9RpE8	user/ElWatanNews
52	80233034	BarcelonaAR	Ø£Ø®Ø¨Ø§Ø± Ø¨Ø±Ø´Ù„ÙˆÙ†Ø©	-	barceloan.News	-		Ù†Ø§Ø¯ÙŠ_Ø¨Ø±Ø´Ù„ÙˆÙ†Ø©	-		0	1	1	Tue Oct 06 06:18:24 +0000 2009	Ù†Ø§Ø¯ÙŠ Ø¨Ø±Ø´Ù„ÙˆÙ†Ø© Ø§Ù„Ø£Ø³Ø¨Ø§Ù†ÙŠ Ø£Ø­Ø¯ Ø£Ø¨Ø±Ø² Ø§Ù„Ø£Ù†Ø¯ÙŠØ© Ø§Ù„Ø£Ø³Ø¨Ø§Ù†ÙŠØ© ÙˆØ§Ù„Ø¹Ø§Ù„Ù…ÙŠØ© Ø§Ù„Ø­Ø³Ø§Ø¨ ØºÙŠØ± Ø±Ø³Ù…ÙŠ  â€This not an official account of FCB <LF>Ù„Ù„Ø¥Ø¹Ù„Ø§Ù† Ø§Ù„ØªÙˆØ§ØµÙ„ Ø¹Ø¨Ø± Ø§Ù„Ø±Ø³Ø§Ø¦Ù„ Ø§Ù„Ø®Ø§ØµØ©	2271383	1	2239	0	0	en	2239	Ø¨Ø±Ø´Ù„ÙˆÙ†Ø©	ES	Egypt	Sports	http://pbs.twimg.com/profile_images/455498394/33onm09.jpg_normal.png	64118	Santiago		user/fcbarcelona
53	103591569	RassdNewsN	Ø´Ø¨ÙƒØ© Ø±ØµØ¯	http://rassd.com/	RassdNewsN	http://rassd.net/rss.xml	http://rassd.net/rss.xml	Ø´Ø¨ÙƒØ©_Ø±ØµØ¯_Ø§Ù„Ø¥Ø®Ø¨Ø§Ø±ÙŠØ©	rassd.com	RASSD.com	1	1	1	Sun Jan 10 15:18:42 +0000 2010	Ù…Ù†ØµØ© Ø¥Ø¹Ù„Ø§Ù…ÙŠØ© Ù…Ù‡ØªÙ…Ø© Ø¨Ø§Ù„Ø´Ø£Ù† Ø§Ù„Ù…ØµØ±ÙŠ ÙˆØ§Ù„Ø¹Ø±Ø¨ÙŠØŒ ØªÙ†Ù‚Ù„ Ø§Ù„Ø£Ø®Ø¨Ø§Ø± Ø§Ù„Ø¹Ø§Ø¬Ù„Ø© Ù„Ø­Ø¸Ø© Ø¨Ù„Ø­Ø¸Ø© ÙˆØªØ¹Ù…Ù„ Ø¹Ù„Ù‰ Ø¥Ù†ØªØ§Ø¬ Ù…Ø­ØªÙˆÙ‰ Ø®Ø¨Ø±ÙŠØŒ ØªØ±ÙÙŠÙ‡ÙŠØŒ ØªÙƒÙ†ÙˆÙ„ÙˆØ¬ÙŠ Ù…Ù…ÙŠØ² .. Ø´Ø¹Ø§Ø±Ù‡Ø§ .. Ø¥Ø¹Ù„Ø§Ù… Ø§Ù„Ø¬Ù…Ù‡ÙˆØ±	2266517	1	7185	2	0	en	7185	Cairo, Egypt	EG	Egypt	General	http://pbs.twimg.com/profile_images/559049283534479361/nI4llWzP_normal.jpeg	408409	Cairo	http://t.co/elET6xEb	user/rnnnews1
54	951204608	naizaktv	Ù†ÙŠØ²Ùƒ | Naizak	http://paypal.me/naizak	-	-		-	-	paypal.me/naizak	0	1	0.6622	Fri Nov 16 07:39:39 +0000 2012	ØµØ§Ù†Ø¹ Ø£ÙÙ„Ø§Ù… ÙˆØ«Ø§Ø¦Ù‚ÙŠØ© | Ø§Ù„Ø­Ø³Ø§Ø¨ Ù„ØªØ±Ø¬Ù…Ø© Ø§Ù„Ù…Ù‚Ø§Ø·Ø¹ Ù…Ù† 4 Ù„ØºØ§Øª ÙˆÙ‚Ù„ÙŠÙ„ Ù…Ù† Ø§Ù„ØªÙ†ÙˆÙŠØ¹ | Ø§Ù„Ø®Ø§Øµ Ù„Ø§Ù‚ØªØ±Ø§Ø­Ø§Øª Ø§Ù„ØªØ±Ø¬Ù…Ø© ((ÙÙ‚Ø·)) | Ù…Ø§Ù„Ø§ÙŠÙ†Ø´Ø±Ù‡ Ø§Ù„Ø¥Ø¹Ù„Ø§Ù… Ø³ØªØ¬Ø¯Ù‡ Ù‡Ù†Ø§ | Ù„Ù„Ø¥Ø¹Ù„Ø§Ù†Ø§Øª @naizakad	2266258	995	1414	262	0	ar	1414	Ø§Ù„Ø­Ø³Ø§Ø¨ ÙŠÙ‡ØªÙ… Ø¨Ù†Ø´Ø± Ø­Ù‚Ø§Ø¦Ù‚ ØµØ§Ø¯Ù…Ø© Ø¹Ù† Ø­ÙŠØ§Ø© Ù„Ù… Ù†Ø¹Ø±Ù Ø¹Ù†Ù‡Ø§ Ø¥Ù„Ø§ Ø£Ù†Ù‡Ø§ Ø§Ù„Ø¬Ù†Ø© Ø§Ù„ØªÙŠ ÙŠØªÙ…Ù†Ø§Ù‡Ø§ Ø§Ù„Ø¬Ù…ÙŠØ¹	SA	Saudi Arabia	General	http://pbs.twimg.com/profile_images/963500067071184896/Pvz5S3_T_normal.jpg	3579	Baghdad	https://t.co/TW0XUHGfE5	channel/UCkB_WxR3toCpgrnFhHOUL1g
55	531052893	JeddahNow	Ø¬Ø¯Ø© Ø§Ù„Ø¢Ù† | JeddahNow	http://www.jeddahnow.net	-	-		-	jeddahnow.net	jeddahnow.net	0	1	1	Tue Mar 20 06:21:11 +0000 2012	â€Ø­Ø³Ø§Ø¨ Ø£Ù‡Ù„ â€#Ø¬Ø¯Ø© Ø¹Ù„Ù‰ ÙˆØ³Ø§Ø¦Ù„ Ø§Ù„ØªÙˆØ§ØµÙ„ Ø§Ù„Ø¥Ø¬ØªÙ…Ø§Ø¹ÙŠ ÙƒÙ„ Ù…Ø§ ÙŠØªØ¹Ù„Ù‚ Ø¨Ù…Ø¯ÙŠÙ†Ø© Ø¬Ø¯Ø© Ø¹Ù„Ù‰ Ù…Ø¯Ø§Ø± Ø§Ù„Ø³Ø§Ø¹Ø©.. Ù…ØµØ§Ø¯Ø± Ø§Ù„Ø£Ø®Ø¨Ø§Ø± Ù…Ù† Ø§Ù„ØµØ­Ù Ø§Ù„Ù…Ø­Ù„ÙŠØ©.. Ø§ÙŠÙ…ÙŠÙ„ info@jeddahnow.net	2259794	17	636	27	0	en	636	Jeddah - Saudi Arabia	SA	Saudi Arabia	General	http://pbs.twimg.com/profile_images/886590136909266945/4U3UQbjC_normal.jpg	38537	Riyadh	https://t.co/Vcm6Sm9SY5	
56	759215754	mbcthevoice	MBC The Voice	http://www.mbc.net/thevoice	-	-		Ø¥Ù…_Ø¨ÙŠ_Ø³ÙŠ_Ù…ØµØ±	mbc.net	mbc.net/thevoice	1	1	1	Wed Aug 15 12:06:35 +0000 2012	The Voice..Ø£Ø­Ù„Ù‰ ØµÙˆØª! Ø£Ø¶Ø®Ù… ÙˆØ£Ù‡Ù… Ø§Ù„Ø¨Ø±Ø§Ù…Ø¬ Ø§Ù„ØºÙ†Ø§Ø¦ÙŠØ© Ø§Ù„Ø¹Ø§Ù„Ù…ÙŠØ© Ø¨Ù†Ø³Ø®ØªÙ‡ Ø§Ù„Ø¹Ø±Ø¨ÙŠØ© https://t.co/Jb5FOcV0bx	2231554	63	903	12	0	en	903	#MBCTheVoice	SA	Saudi Arabia	Entertainment	http://pbs.twimg.com/profile_images/961643508242223105/MO42Gx-P_normal.jpg	12264	Athens	http://t.co/RqW539kffu	user/MBCTheVoiceShow
57	2465436362	liferdefempire	Ø´Ø§Ù…Ù„ Ù†ÙŠÙˆØ² ğŸ‡°ğŸ‡¼	http://liferdefempire.com/	-	http://liferdefempire.com/?feed=rss2		-	liferdefempire.com	liferdefempire.com	1	1	1	Sun Apr 27 02:55:52 +0000 2014	Ø®Ø¯Ù…Ø© Ø¥Ø®Ø¨Ø§Ø±ÙŠØ© Ø´Ø§Ù…Ù„Ø© - Ù…Ø±Ø®ØµØ© Ù…Ù† ÙˆØ²Ø§Ø±Ø© Ø§Ù„Ø¥Ø¹Ù„Ø§Ù…	2204107	475	1732	2111237	1	en	1732	Ù„Ù„Ø¥Ø¹Ù„Ø§Ù†Ø§Øª 90948204	KW	Kuwait	General	http://pbs.twimg.com/profile_images/919877638788927488/Tg8VX-a8_normal.jpg	53900	Kuwait	https://t.co/Bvfjw5Krv7	
58	245286681	ajlnews	ØµØ­ÙŠÙØ© Ø¹Ø§Ø¬Ù„	http://www.ajel.sa	ajelco	https://ajel.sa/rss-feed.xml	http:/www.ajel.sa/rss-feed.xml	-	ajel.sa	ajel.sa	1	1	1	Mon Jan 31 09:59:21 +0000 2011	ØµØ­ÙŠÙØ© Ø¹Ø§Ø¬Ù„ Ø§Ù„Ø¥Ù„ÙƒØªØ±ÙˆÙ†ÙŠØ© . ØµØ­ÙŠÙØ© Ø±Ø³Ù…ÙŠØ© Ù…Ø±Ø®ØµØ© Ù…Ù† Ù‚Ø¨Ù„ ÙˆØ²Ø§Ø±Ø© Ø§Ù„Ø«Ù‚Ø§ÙØ© ÙˆØ§Ù„Ø¥Ø¹Ù„Ø§Ù… ØŒ Ù„Ù„ØªÙˆØ§ØµÙ„ Ù…Ø¹ ØµØ­ÙŠÙØ© Ø¹Ø§Ø¬Ù„: @Ajel4u	2165013	3	3307	0	1	ar	3307	Riyadh, Kingdom of Saudi Arabia	SA	Saudi Arabia	General	http://pbs.twimg.com/profile_images/945425138425782277/nxCz3jPy_normal.jpg	164769	Riyadh	https://t.co/JRwWamXA7t	channel/UCbFoREoABJsIqX40gC-UbxA
59	225344708	DMedicalinfo	ÙƒÙ„ ÙŠÙˆÙ… Ù…Ø¹Ù„ÙˆÙ…Ø© Ø·Ø¨ÙŠØ©	http://www.DailyMedicalinfo.com	DailyMedicalinfo	http://www.dailymedicalinfo.com/feed/		-	dailymedicalinfo.com	DailyMedicalinfo.com	1	1	1	Sat Dec 11 10:14:08 +0000 2010	Ù…ÙˆÙ‚Ø¹ ÙƒÙ„ ÙŠÙˆÙ… Ù…Ø¹Ù„ÙˆÙ…Ø© Ø·Ø¨ÙŠØ© Ø£ÙƒØ«Ø± Ù…Ù† 18 Ù…Ù„ÙŠÙˆÙ† Ù…ØªØªØ¨Ø¹ Ø¹Ø¨Ø± ÙˆØ³Ø§Ø¦Ù„ Ø§Ù„ØªÙˆØ§ØµÙ„ ÙˆØ­Ø§ØµÙ„ Ø¹Ù„Ù‰ Ø¬Ø§Ø¦Ø²Ø© Ø³Ù…Ùˆ Ø§Ù„Ø´ÙŠØ® Ù…Ø­Ù…Ø¯ Ø¨Ù† Ø±Ø§Ø´Ø¯ Ø¢Ù„ Ù…ÙƒØªÙˆÙ… ÙƒØ£ÙØ¶Ù„ Ù…Ù†ØµØ© Ø·Ø¨ÙŠØ© Ù„Ù„ØªÙˆØ§ØµÙ„ :00201200007033	2153664	6	4047	1181	1	en	4047	Egypt	EG	Egypt	Health	http://pbs.twimg.com/profile_images/929349157520838657/DcCMyB9P_normal.jpg	104270	Cairo	https://t.co/5sWP2DsUkR	user/DailyMedicalinfo?sub_confirmation=1
60	60598920	alhurranews	Ø§Ù„Ø­Ø±Ø©	https://www.alhurra.com/	alhurra	https://www.alhurra.com/rssfeeds	https:/www.alhurra.com//rssfeeds	Ù‚Ù†Ø§Ø©_Ø§Ù„Ø­Ø±Ø©	alhurra.com	alhurra.com	1	1	1	Mon Jul 27 13:38:04 +0000 2009	Ø¢Ø®Ø± Ø§Ù„Ø£Ø®Ø¨Ø§Ø± Ù…Ù† Ø§Ù„Ø´Ø±Ù‚ Ø§Ù„Ø£ÙˆØ³Ø·ØŒ Ø´Ù…Ø§Ù„ Ø¥ÙØ±ÙŠÙ‚ÙŠØ§ØŒ Ø§Ù„ÙˆÙ„Ø§ÙŠØ§Øª Ø§Ù„Ù…ØªØ­Ø¯Ø© ÙˆØ§Ù„Ø¹Ø§Ù„Ù…. Ù„Ù„Ø­ØµÙˆÙ„ Ø¹Ù„Ù‰ Ù…Ø¹Ù„ÙˆÙ…Ø§Øª Ø¹Ù† Ù‚Ù†Ø§Ø© Ø§Ù„Ø­Ø±Ø© Ø£Ùˆ Ø§Ù„Ø¨Ø±Ø§Ù…Ø¬ØŒ ØªØ§Ø¨Ø¹ÙˆÙ†Ø§ Ø¹Ù„Ù‰ @alhurra	2151371	3	2766	11	1	en	2766	Ø§Ù„Ø´Ø±Ù‚ Ø§Ù„Ø§ÙˆØ³Ø· ÙˆØ´Ù…Ø§Ù„ Ø§ÙØ±ÙŠÙ‚ÙŠØ§	US	United States of America	General	http://pbs.twimg.com/profile_images/966053739202269185/wrzU2TaU_normal.jpg	69351	Cairo	https://t.co/RHqu897puc	user/alhurra
	784846530	ALAHLI_FC	Ø§Ù„Ù†Ø§Ø¯ÙŠ Ø§Ù„Ø£Ù‡Ù„ÙŠ Ø§Ù„Ø³Ø¹ÙˆØ¯ÙŠ	http://www.alahlifc.sa/	alahlifc1937	-		Ø§Ù„Ù†Ø§Ø¯ÙŠ_Ø§Ù„Ø£Ù‡Ù„ÙŠ_(Ø¬Ø¯Ø©)	alahlifc.sa	alahlifc.sa	1	1	0.6786	Mon Aug 27 15:05:02 +0000 2012	Ø§Ù„Ø­Ø³Ø§Ø¨ Ø§Ù„Ø±Ø³Ù…ÙŠ Ù„Ù„Ù†Ø§Ø¯ÙŠ Ø§Ù„Ø£Ù‡Ù„ÙŠ Ø§Ù„Ø³Ø¹ÙˆØ¯ÙŠ - Official Account of Al-Ahli Saudi Club. For English Account @ALAHLI_FCEN	2147326	11	1915	47	1	ar	1915	Jeddah	SA	Saudi Arabia	Sports	http://pbs.twimg.com/profile_images/954353054937243648/ShqXtmAV_normal.jpg	28885	Riyadh	https://t.co/hNe8H1uTi6	user/AHLIMC
61	245949706	AlArabiya_Bn	Ø§Ù„Ø£Ø³ÙˆØ§Ù‚ Ø§Ù„Ø¹Ø±Ø¨ÙŠØ©	http://www.alarabiya.net/alaswaq.html	AlArabiya	-		Ù‚Ù†Ø§Ø©_Ø§Ù„Ø¹Ø±Ø¨ÙŠØ©	alarabiya.net	alarabiya.net/alaswaq.html	1	1	1	Tue Feb 01 20:22:07 +0000 2011	The leading source of Business News in the Middle East Ø§Ù„Ù…ØµØ¯Ø± Ø§Ù„Ø±Ø¦ÙŠØ³ÙŠ Ù„Ø£Ø®Ø¨Ø§Ø± Ø§Ù„Ø¥Ù‚ØªØµØ§Ø¯ Ùˆ Ø§Ù„Ø£Ø¹Ù…Ø§Ù„ ÙÙŠ Ø§Ù„Ø´Ø±Ù‚ Ø§Ù„Ø£ÙˆØ³Ø· @AlArabiya	2126214	2	1779	37	1	en	1779	Dubai	AE	United Arab Emirates	Economy	http://pbs.twimg.com/profile_images/818824811464065024/OMkfcoz2_normal.jpg	36330	Abu Dhabi	http://t.co/RtaGGj7gDd	user/AlArabiya
62	243368411	AJABreaking	Ø§Ù„Ø¬Ø²ÙŠØ±Ø© - Ø¹Ø§Ø¬Ù„	http://www.aljazeera.net/	aljazeerachannel	http://www.aljazeera.net/aljazeerarss/be46a341-fe26-41f1-acab-b6ed9c198b19/e6aef64d-084c-42f0-8269-abe48e0cd154	/aljazeerarss/be46a341-fe26-41f1-acab-b6ed9c198b19/e6aef64d-084c-42f0-8269-abe48e0cd154	Ù‚Ù†Ø§Ø©_Ø§Ù„Ø¬Ø²ÙŠØ±Ø©	aljazeera.net	aljazeera.net	1	1	1	Wed Jan 26 22:09:08 +0000 2011	ØªØºØ·ÙŠØ© Ø§Ù„Ø¬Ø²ÙŠØ±Ø© Ù„Ù„Ø£Ø®Ø¨Ø§Ø± Ø§Ù„Ø¹Ø§Ø¬Ù„Ø© Ø¹Ù„Ù‰ Ù…Ø¯Ø§Ø± Ø§Ù„Ø³Ø§Ø¹Ø©ØŒ<LF>Ù„Ù„Ø§Ø·Ù„Ø§Ø¹ Ø¹Ù„Ù‰ Ø§Ù„ØªÙ‚Ø§Ø±ÙŠØ± ÙˆØ§Ù„ØªØºØ·ÙŠØ§Øª Ù„Ù„Ø£Ø­Ø¯Ø§Ø« Ø¹Ù„Ù‰ Ø§Ù„Ø³Ø§Ø­ØªÙŠÙ† Ø§Ù„Ø¹Ø±Ø¨ÙŠØ© ÙˆØ§Ù„Ø¯ÙˆÙ„ÙŠØ©ØŒ ØªØ§Ø¨Ø¹ÙˆØ§ Ø­Ø³Ø§Ø¨Ù†Ø§  @AJArabic	2124870	6	7539	16	1	en	7539	Qatar	QA	Qatar	General	http://pbs.twimg.com/profile_images/585087263882682368/bRyWGyYI_normal.png	100089	Riyadh	http://t.co/TMtiwT0bTq	aljazeerachannel
63	526065625	ReNgo_Sport	Ø£Ø®Ø¨Ø§Ø± Ø§Ù„ÙƒØ±Ø© Ø§Ù„Ø¹Ø§Ù„Ù…ÙŠØ©	http://octboot.com/Matches-Today	octboot	-		-	octboot.com	octboot.com/Matches-Today	0	1	1	Fri Mar 16 05:31:15 +0000 2012	Ø­Ø³Ø§Ø¨ ÙŠÙ†Ù‚Ù„ Ø§Ø®Ø¨Ø§Ø± ÙƒØ±Ø© Ø§Ù„Ù‚Ø¯Ù… Ø§Ù„Ø¹Ø±Ø¨ÙŠØ© ÙˆØ§Ù„Ø¹Ø§Ù„Ù…ÙŠØ© Ø§ÙˆÙ„ Ø¨Ù€ Ø§ÙˆÙ„ ÙˆØªØºØ·ÙŠØ§Øª Ù„Ù„Ù…Ø¨Ø§Ø±ÙŠØ§Øª + Ø§Ù„Ø§Ù‡Ø¯Ø§Ù ÙˆØ±ÙˆØ§Ø¨Ø· Ù„Ù„Ù…Ø¨Ø§Ø±ÙŠØ§Øª . ØªØ§Ø¨Ø¹Ù†Ø§ ÙÙ‚Ø· â™¥	2098185	1555	5102	249	1	en	5102	Ø§Ù„Ø­Ø³Ø§Ø¨ Ø¨Ø±Ø¹Ø§ÙŠØ© Ù…ÙˆÙ‚Ø¹ Ø§Ù„Ø§Ø®Ø·Ø¨ÙˆØ·	SA	Saudi Arabia	Sports	http://pbs.twimg.com/profile_images/3645330187/447f777447e7ce24e14cf858c8171eba_normal.jpeg	259548	Riyadh	https://t.co/38Bqee52RW	user/bollywoodmoviesdvd4a
64	47301285	emaratalyoum	Ø§Ù„Ø¥Ù…Ø§Ø±Ø§Øª Ø§Ù„ÙŠÙˆÙ…	http://www.emaratalyoum.com	EmaratAlYoum	https://www.emaratalyoum.com/rss-7.951867	https://www.emaratalyoum.com/rss-7.951867	ØµØ­ÙŠÙØ©_Ø§Ù„Ø¥Ù…Ø§Ø±Ø§Øª_Ø§Ù„ÙŠÙˆÙ…	emaratalyoum.com	emaratalyoum.com	1	1	1	Mon Jun 15 09:50:12 +0000 2009	Ø§Ù„Ø­Ø³Ø§Ø¨ Ø§Ù„Ø±Ø³Ù…ÙŠ Ù„ØµØ­ÙŠÙØ© #Ø§Ù„Ø§Ù…Ø§Ø±Ø§Øª_Ø§Ù„ÙŠÙˆÙ… | #Emaratalyoum	2079980	398	1598	159	1	en	1598	United Arab Emirates	AE	United Arab Emirates	General	http://pbs.twimg.com/profile_images/911689074666344448/AW7oUMlP_normal.jpg	202698	Muscat	https://t.co/BjIZK1N9ap	user/alemaratalyoum
65	70006375	WatanNews	Ø§Ù„ÙˆØ·Ù† Ø§Ù„Ø¥Ù„ÙƒØªØ±ÙˆÙ†ÙŠØ©	http://www.Kuwait.tt	daralwatannews	http://alwatan.kuwait.tt/rss.ashx		-	kuwait.tt	Kuwait.tt	1	1	1	Sun Aug 30 00:45:55 +0000 2009	ÙÙŠ Ù‚Ù„Ø¨ Ø§Ù„Ø­Ø¯Ø« Ø¹Ù„Ù‰ Ù…Ø¯Ø§Ø± Ø§Ù„Ø³Ø§Ø¹Ø©	2076523	7	3081	5	0	ar	3081	Kuwait	KW	Kuwait	General	http://pbs.twimg.com/profile_images/954494764996616192/YR9sL9S5_normal.jpg	360545	Kuwait	https://t.co/1zC0swTOU2	alwatantvplus
66	37599685	DXBMediaOffice	Dubai Media Office	http://mediaoffice.ae/	DXBMediaOffice	http://mediaoffice.ae/rss/news.ashx		-	mediaoffice.ae	mediaoffice.ae	1	1	1	Mon May 04 05:05:55 +0000 2009	The Official Twitter Feed of The Government of Dubai Media Office <LF><LF>Ø§Ù„Ø­Ø³Ø§Ø¨ Ø§Ù„Ø±Ø³Ù…ÙŠ Ù„Ù„Ù…ÙƒØªØ¨ Ø§Ù„Ø¥Ø¹Ù„Ø§Ù…ÙŠ Ù„Ø­ÙƒÙˆÙ…Ø© Ø¯Ø¨ÙŠ	2054551	0	1545	161	1	en	1545	Dubai, United Arab Emirates	AE	United Arab Emirates	General	http://pbs.twimg.com/profile_images/689492462113550338/32byyP5T_normal.jpg	98376	Muscat	https://t.co/BTRpTiJjHd	user/GovDubaiMediaOffice
67	58427580	JeddahAmanah	Ø£Ù…Ø§Ù†Ø© Ù…Ø­Ø§ÙØ¸Ø© Ø¬Ø¯Ø©	http://www.jeddah.gov.sa	-	-		Ø£Ù…Ø§Ù†Ø©_Ù…Ø­Ø§ÙØ¸Ø©_Ø¬Ø¯Ø©	jeddah.gov.sa	jeddah.gov.sa	1	1	0.6587	Mon Jul 20 08:45:57 +0000 2009	Ø§Ù„Ø­Ø³Ø§Ø¨ Ø§Ù„Ø±Ø³Ù…ÙŠ Ù„Ø£Ù…Ø§Ù†Ø© Ù…Ø­Ø§ÙØ¸Ø© Ø¬Ø¯Ø© #Ø£Ù…Ø§Ù†Ø©_Ø¬Ø¯Ø©	2053638	34	641	12	1	en-gb	641	Jeddah, Saudi Arabia	SA	Saudi Arabia	General	http://pbs.twimg.com/profile_images/692233585106014209/qj5QBBmU_normal.jpg	27464	Riyadh	https://t.co/m2TXTn0xsF	user/JeddahAmanah
68	508653668	SAYA_Show	ØµØ¨Ø§Ø­ Ø§Ù„Ø®ÙŠØ± ÙŠØ§ Ø¹Ø±Ø¨	http://www.mbc.net/sabah/	-	-		ØµØ¨Ø§Ø­_Ø§Ù„Ø®ÙŠØ±_ÙŠØ§_Ø¹Ø±Ø¨	mbc.net	mbc.net/sabah/	1	1	0.6587	Wed Feb 29 09:46:13 +0000 2012	Ø¨Ø±Ù†Ø§Ù…Ø¬ Ø§Ø¬ØªÙ…Ø§Ø¹ÙŠ ÙŠÙˆÙ…ÙŠ ÙŠØ¹Ø±Ø¶ Ø¹Ù„Ù‰ Ø´Ø§Ø´Ø© @MBC1	2044238	0	1135	10	0	en	1135		SA	Saudi Arabia	General	http://pbs.twimg.com/profile_images/838481049101402113/gTPGa-SZ_normal.jpg	64418	Pacific Time (US & Canada)	http://t.co/9c0uUTRDSW	user/sayashow
69	434897540	Akhbaar24	Ø§Ø®Ø¨Ø§Ø± 24 - Ø§Ù„Ø³Ø¹ÙˆØ¯ÙŠØ©	http://www.akhbaar24.com/	-	https://akhbaar24.argaam.com/feed/		-	akhbaar24.com	akhbaar24.com	1	1	1	Mon Dec 12 13:00:31 +0000 2011	Ø£Ø®Ø¨Ø§Ø± 24 Ù…Ø®ØªØµ ÙÙŠ Ù…ØªØ§Ø¨Ø¹Ø© Ø§Ø®Ø± Ø§Ù„Ø§Ø®Ø¨Ø§Ø± Ø§Ù„ØªÙŠ ØªÙ‡Ù… Ø§Ù„ÙØ±Ø¯ Ø§Ù„Ø³Ø¹ÙˆØ¯ÙŠ Ø¹Ù„Ù‰ Ù…Ø¯Ø§Ø± 24 Ø³Ø§Ø¹Ø© <LF> ØªØ§Ø¨Ø¹ÙˆÙ†Ø§ Ø¹Ù„Ù‰ Ø§Ù†Ø³ØªÙ‚Ø±Ø§Ù… : akhbaar24@	2025888	0	3857	6	0	en	3857	Ø§Ù„Ø±ÙŠØ§Ø¶ØŒ Ø¬Ø¯Ø©ØŒ Ø§Ù„Ø®Ø¨Ø±	SA	Saudi Arabia	General	http://pbs.twimg.com/profile_images/838353615379136512/gr9C1QDL_normal.jpg	211802	Muscat	http://t.co/f1pMSxmd5q	channel/UCJRP8VnGwuEjFMicncZlolA
70	2189938194	moe_gov_sa	ÙˆØ²Ø§Ø±Ø© Ø§Ù„ØªØ¹Ù„ÙŠÙ… -Ø¹Ø§Ù…	http://www.moe.gov.sa/	moegov.sa	https://www.moe.gov.sa/ar/pages/rss.aspx	/ar/Pages/rss.aspx	ÙˆØ²Ø§Ø±Ø©_Ø§Ù„ØªØ¹Ù„ÙŠÙ…_(Ø§Ù„Ø³Ø¹ÙˆØ¯ÙŠØ©)	moe.gov.sa	moe.gov.sa	1	1	1	Tue Nov 12 08:52:10 +0000 2013	Ø§Ù„Ø­Ø³Ø§Ø¨ Ø§Ù„Ø±Ø³Ù…ÙŠ Ù„ÙˆØ²Ø§Ø±Ø© Ø§Ù„ØªØ¹Ù„ÙŠÙ… .. Ø§Ù„ØªØ¹Ù„ÙŠÙ… Ø§Ù„Ø¹Ø§Ù… ... The official account of Ministry of Education https://t.co/OrebRb59ud	2015986	129	1954	86	1	ar	1954	Ø§Ù„Ø±ÙŠØ§Ø¶, Ø§Ù„Ù…Ù…Ù„ÙƒØ© Ø§Ù„Ø¹Ø±Ø¨ÙŠØ© Ø§Ù„Ø³Ø¹ÙˆØ¯ÙŠØ©	SA	Saudi Arabia	General	http://pbs.twimg.com/profile_images/654264811707080704/vptFpFsh_normal.jpg	12579	Riyadh	https://t.co/DgAJcbvh1v	user/chaalitv/videos
71	134936026	hadath24_	Ø­Ø¯Ø« Ø¹Ø§Ø¬Ù„	https://hadath-24.com/	hadath24h	https://hadath-24.com/?feed=rss2	https://hadath-24.com/?feed=rss2	-	hadath-24.com	hadath-24.com	0	1	1	Mon Apr 19 22:05:16 +0000 2010	Ø§Ù„Ø­Ø³Ø§Ø¨ Ø§Ù„Ø±Ø³Ù…ÙŠ Ù„ØµØ­ÙŠÙØ© Ø­Ø¯Ø« Ø¹Ø§Ø¬Ù„ Ø§Ù„Ø§Ù„ÙƒØªØ±ÙˆÙ†ÙŠØ© - Ù„Ø¹Ø±Ø¶ Ø¢Ø®Ø± Ø§Ù„Ø£Ø®Ø¨Ø§Ø± Ø§Ù„Ù…Ø­Ù„ÙŠØ© ÙˆØ§Ù„Ø¯ÙˆÙ„ÙŠØ© Ø§Ù„Ù…ØªÙ†ÙˆØ¹Ø© - News	2013762	65	785	101	0	ar	785	Saudi Arabia	SA	Saudi Arabia	General	http://pbs.twimg.com/profile_images/935889197315043334/sxP-3b56_normal.jpg	16055	Hong Kong	https://t.co/KACeAJBDAy	
	453044203	Sa7ichannel	SA7i ØµØ§Ø­ÙŠ	http://www.youtube.com/sa7ichannel	Sa7iChannel	-		-	-	youtube.com/sa7ichannel	1	1	0.6349	Mon Jan 02 14:31:51 +0000 2012	#Ù‚Ù†Ø§Ø©_ØµØ§Ø­ÙŠ Ø¨Ø¯Ø£Øª Ø¹Ø§Ù… 2012 ÙˆØ­Ø§ØµÙ„Ø© Ø¹Ù„Ù‰ Ø§Ù„Ù…Ø±ØªØ¨Ø© Ø§Ù„Ø£ÙˆÙ„Ù‰ ÙƒØ£ÙƒØ«Ø± Ø§Ù„Ù‚Ù†ÙˆØ§Øª Ù…Ø´Ø§Ù‡Ø¯Ø© Ø¹Ù„Ù‰ Ù…Ø³ØªÙˆÙ‰ #Ø§Ù„Ø³Ø¹ÙˆØ¯ÙŠØ©. Most viewed #YouTube Channel In #KSA with 633M Views & 3M Subs	1999618	3717	1436	33	1	en	1436	Saudi Arabia	SA	Saudi Arabia	General	http://pbs.twimg.com/profile_images/952512291542589440/h-fW_XMa_normal.jpg	13948	Riyadh	https://t.co/lhvNVSvt2U	channel/UCw5nIlwE0OHkNuIe1ty0lxQ
72	227944601	KSAMOFA	ÙˆØ²Ø§Ø±Ø© Ø§Ù„Ø®Ø§Ø±Ø¬ÙŠØ© ğŸ‡¸ğŸ‡¦	http://www.mofa.gov.sa	-	http://www.mofa.gov.sa/_layouts/rssfeederaggregator.aspx?xsl=1&web=%2f&page=de663453-e5f2-493a-b78a-908a2a1c2821&wp=a71aafd3-dc2e-4b5d-b433-111fb2afe1ff	http://www.mofa.gov.sa/_layouts/rssfeederaggregator.aspx?xsl=1&web=%2f&page=de663453-e5f2-493a-b78a-908a2a1c2821&wp=a71aafd3-dc2e-4b5d-b433-111fb2afe1ff	ÙˆØ²Ø§Ø±Ø©_Ø§Ù„Ø®Ø§Ø±Ø¬ÙŠØ©_(Ø§Ù„Ø³Ø¹ÙˆØ¯ÙŠØ©)	mofa.gov.sa	mofa.gov.sa	1	1	1	Sat Dec 18 07:57:43 +0000 2010	Ø§Ù„Ø­Ø³Ø§Ø¨ Ø§Ù„Ø±Ø³Ù…ÙŠ Ù„ÙˆØ²Ø§Ø±Ø© Ø§Ù„Ø®Ø§Ø±Ø¬ÙŠØ© Ø§Ù„Ø³Ø¹ÙˆØ¯ÙŠØ© The official Twitter account of the Ministry of Foreign Affairs of the Kingdom of Saudi Arabia.	1968646	79	2234	186	1	ar	2234		SA	Saudi Arabia	General	http://pbs.twimg.com/profile_images/876973300337053697/iUHLf4ZY_normal.jpg	9679	Riyadh	https://t.co/J95rt966me	user/KSAMOFA
	280172306	SaudiMOH	ÙˆØ²Ø§Ø±Ø© Ø§Ù„ØµØ­Ø© Ø§Ù„Ø³Ø¹ÙˆØ¯ÙŠØ©	http://www.moh.gov.sa/	SaudiMOH	https://www.moh.gov.sa/Ministry/MediaCenter/RSS/Pages/default.aspx		ÙˆØ²Ø§Ø±Ø©_Ø§Ù„ØµØ­Ø©_(Ø§Ù„Ø³Ø¹ÙˆØ¯ÙŠØ©)	moh.gov.sa	moh.gov.sa	1	1	0.6805	Sun Apr 10 19:57:37 +0000 2011	ØªØªÙ…Ø«Ù„ Ø±Ø¤ÙŠØ© ÙˆØ²Ø§Ø±Ø© Ø§Ù„ØµØ­Ø© ÙÙŠ ØªØ­Ù‚ÙŠÙ‚ Ø§Ù„ØµØ­Ø© Ø¨Ù…ÙÙ‡ÙˆÙ…Ù‡Ø§ Ø§Ù„Ø´Ø§Ù…Ù„ ÙˆØ¹Ù„Ù‰ ÙƒÙ„ Ø§Ù„Ù…Ø³ØªÙˆÙŠØ§Øª Ù„Ù„ÙØ±Ø¯ ÙˆØ§Ù„Ø£Ø³Ø±Ø© ÙˆØ§Ù„Ù…Ø¬ØªÙ…Ø¹ Ù…Ø¹ Ø§Ù„Ø¹Ù…Ù„ Ø¹Ù„Ù‰ Ù…Ø³Ø§Ø¹Ø¯Ø© Ø§Ù„Ù…Ø³Ù†ÙŠÙ† Ùˆ Ø°ÙˆÙŠ Ø§Ù„Ø§Ø­ØªÙŠØ§Ø¬Ø§Øª Ø§Ù„Ø®Ø§ØµØ© Ø¨Ù…Ø§ ÙŠÙ…ÙƒÙ†Ù‡Ù….	1904414	1126	2778	39	0	ar	2778	Ø§Ù„Ø±ÙŠØ§Ø¶	SA	Saudi Arabia	Health	http://pbs.twimg.com/profile_images/822502892087164933/UJuqOpkp_normal.jpg	51371	Riyadh	https://t.co/2oIPCOOeva	user/mohportal
73	251826832	UAE_BARQ	Ø¨Ø±Ù‚ Ø§Ù„Ø¥Ù…Ø§Ø±Ø§Øª	http://www.uaebarq.ae/ar/	-	uaebarq	http://www.uaebarq.ae/ar/?feed=rss2&page_id=18	-	uaebarq.ae	uaebarq.ae/c	1	1	1	Sun Feb 13 22:58:59 +0000 2011	Ø¨Ø±Ù‚ Ø§Ù„Ø¥Ù…Ø§Ø±Ø§Øª Ù„Ù„Ø¥Ø¹Ù„Ø§Ù… .. Ø¥Ø­Ø¯Ù‰ Ø§Ù„Ù…Ø¤Ø³Ø³Ø§Øª Ø§Ù„Ø¥Ø¹Ù„Ø§Ù…ÙŠØ© Ø§Ù„Ø±Ø§Ø¦Ø¯Ø© ÙÙŠ Ù‚Ø·Ø§Ø¹ Ø§Ù„Ø£Ù†Ø¨Ø§Ø¡ ÙˆØ§Ù„ØªØ±ÙˆÙŠØ¬ Ø§Ù„Ø¥Ø¹Ù„Ø§Ù…ÙŠ ÙÙŠ Ø¯ÙˆÙ„Ø© Ø§Ù„Ø¥Ù…Ø§Ø±Ø§Øª Ø§Ù„Ø¹Ø±Ø¨ÙŠØ© Ø§Ù„Ù…ØªØ­Ø¯Ø© .. "Ø§Ù„Ø®Ø¨Ø± Ø¯ÙˆÙ… ÙˆÙŠØ§Ùƒ"	1888296	41	2715	11	1	en-gb	2715	United Arab Emirates	AE	United Arab Emirates	General	http://pbs.twimg.com/profile_images/876757670623150080/lxILyJKD_normal.jpg	97711	Abu Dhabi	https://t.co/vGKsBzDM8K	user/UAEBARQ
74	344473212	hilalstuff	Ø£Ø®Ø¨Ø§Ø± Ø§Ù„Ù‡Ù„Ø§Ù„	https://www.snapchat.com/add/hilalstuff.snap	-	-		-	-	snapchat.com/add/hilalstuffâ€¦	0	1	1	Fri Jul 29 03:29:29 +0000 2011	Ù‡ÙÙ†Ø§ Ø§Ù„Ù‡Ù„Ø§Ù„ØŒ Ø­ÙŠØ« Ù†ÙˆØ§ÙƒØ¨ ÙƒÙ„ Ø¬Ø¯ÙŠØ¯ ÙŠØ®ØµÙ‘ Ø§Ù„Ù…Ù„ÙƒÙŠØŒ ØªØºØ·ÙŠØ© Ø´Ø§Ù…Ù„Ø© Ù„ÙƒÙ„ Ù…Ø§ ÙŠØªØ¹Ù„Ù‚ Ø¨Ø§Ù„Ù‡Ù„Ø§Ù„ ÙˆÙ…Ù† Ù‚Ù„Ø¨ Ø§Ù„Ø­Ø¯Ø« ÙˆØ¹ÙŠÙ† Ø§Ù„Ù…ÙƒØ§Ù† .. Ø§Ù„Ø­Ø³Ø§Ø¨ Ø¨Ø¥Ø¯Ø§Ø±Ø© @5a_hilal . Ù…Ø¤Ø³Ø³Ø© Ø¥Ø¶Ø§Ø¡Ø© / 0534793993	1873880	1429	1844	438	1	ar	1844	snap:hilalstuff.snap	SA	Saudi Arabia	Sports	http://pbs.twimg.com/profile_images/755198725111283714/LIhActiF_normal.jpg	106481	Riyadh	https://t.co/2SthtsdlaK	user/hilalstuff
75	54296198	AlhurraIraq	Ø§Ù„Ø­Ø±Ø© Ø¹Ø±Ø§Ù‚	http://www.alhurra.com/iraq	alhurra	https://www.alhurra.com/rssfeeds	http:/www.alhurra.com/iraq/rssfeeds	Ù‚Ù†Ø§Ø©_Ø§Ù„Ø­Ø±Ø©	alhurra.com	alhurra.com/iraq	1	1	1	Mon Jul 06 18:55:14 +0000 2009	Ø¢Ø®Ø± Ø§Ù„Ø£Ø®Ø¨Ø§Ø± Ø§Ù„Ø¹Ø±Ø§Ù‚ØŒ Ø§Ù„Ø´Ø±Ù‚ Ø§Ù„Ø§ÙˆØ³Ø·ØŒ Ø´Ù…Ø§Ù„ Ø£ÙØ±ÙŠÙ‚ÙŠØ§ØŒ Ø§Ù„ÙˆÙ„Ø§ÙŠØ§Øª Ø§Ù„Ù…ØªØ­Ø¯Ø© ÙˆØ§Ù„Ø¹Ø§Ù„Ù…. Ù„Ù„Ø­ØµÙˆÙ„ Ø¹Ù„Ù‰ Ù…Ø¹Ù„ÙˆÙ…Ø§Øª Ø¹Ù† Ù‚Ù†Ø§Ø© Ø§Ù„Ø­Ø±Ø© Ø£Ùˆ Ø§Ù„Ø¨Ø±Ø§Ù…Ø¬ØŒ ØªØ§Ø¨Ø¹ÙˆÙ†Ø§ Ø¹Ù„Ù‰ @alhurra	1866598	4	506	11	0	en	506	Iraq	IQ	Iraq	General	http://pbs.twimg.com/profile_images/464868700512718848/ZN-6X6Gj_normal.jpeg	53283	Quito	http://t.co/8SNEIg4b76	user/alhurra
76	234504612	AlwatanSA	Ø¬Ø±ÙŠØ¯Ø© Ø§Ù„ÙˆØ·Ù† Ø§Ù„Ø³Ø¹ÙˆØ¯ÙŠØ©	http://www.alwatan.com.sa	Alwatanksa	-		Ø§Ù„ÙˆØ·Ù†_(Ø¬Ø±ÙŠØ¯Ø©_Ø³Ø¹ÙˆØ¯ÙŠØ©)	alwatan.com.sa	alwatan.com.sa	1	1	1	Wed Jan 05 20:39:32 +0000 2011	Ø§Ù„Ø­Ø³Ø§Ø¨ Ø§Ù„Ø±Ø³Ù…ÙŠ Ù„Ù€ #ØµØ­ÙŠÙØ©_Ø§Ù„ÙˆØ·Ù† #Ø§Ù„Ø³Ø¹ÙˆØ¯ÙŠØ©	1824299	0	2551	5	1	ar	2551	Ø§Ù„Ù…Ù…Ù„ÙƒØ© Ø§Ù„Ø¹Ø±Ø¨ÙŠØ© Ø§Ù„Ø³Ø¹ÙˆØ¯ÙŠØ©	SA	Saudi Arabia	General	http://pbs.twimg.com/profile_images/810422491642531841/jRY1sprt_normal.jpg	108648	Riyadh	https://t.co/lfDJCmGcEZ	user/alwatanmovies
77	400823888	alShrqNews	ØµØ­ÙŠÙØ© Ø§Ù„Ø´Ø±Ù‚	http://www.alsharq.net.sa	alShrqNews	http://www.alsharq.net.sa/feed	http://www.alsharq.net.sa/rss	ØµØ­ÙŠÙØ©_Ø§Ù„Ø´Ø±Ù‚_(Ø§Ù„Ø³Ø¹ÙˆØ¯ÙŠØ©)	alsharq.net.sa	alsharq.net.sa	1	1	1	Sat Oct 29 16:42:56 +0000 2011	ØµØ­ÙŠÙØ© Ø§Ù„Ø´Ø±Ù‚ Ø§Ù„Ø³Ø¹ÙˆØ¯ÙŠØ© | ØªØµØ¯Ø± Ø¹Ù† Ø§Ù„Ø´Ø±ÙƒØ© Ø§Ù„Ø´Ø±Ù‚ÙŠØ© Ù„Ù„Ø·Ø¨Ø§Ø¹Ø© ÙˆØ§Ù„ØµØ­Ø§ÙØ© ÙˆØ§Ù„Ø¥Ø¹Ù„Ø§Ù… ÙˆØªØ·Ø¨Ø¹ ÙÙŠ | #Ø§Ù„Ø¯Ù…Ø§Ù… | #Ø§Ù„Ø±ÙŠØ§Ø¶ | #Ø¬Ø¯Ø©  #ØµØ­ÙŠÙØ©_Ø§Ù„Ø´Ø±Ù‚ webmaster@alsharq.net.sa	1801443	271	1938	5	1	en	1938	Dammam, Eastern	SA	Saudi Arabia	General	http://pbs.twimg.com/profile_images/658908394695315456/Udtgvn9a_normal.jpg	200794	Riyadh	https://t.co/lURJNytSoI	user/alShrqNews
78	49942706	bbcarabicalerts	BBC Arabic - Ø¹Ø§Ø¬Ù„	http://www.bbcarabic.com	bbcarabic	http://feeds.bbci.co.uk/arabic/rss.xml		Ø¨ÙŠ_Ø¨ÙŠ_Ø³ÙŠ	bbcarabic.com	bbcarabic.com	1	1	1	Tue Jun 23 10:38:34 +0000 2009	#Ø£Ø®Ø¨Ø§Ø± #Ø¹Ø§Ø¬Ù„Ø© Ù…Ù† Ø¨ÙŠ Ø¨ÙŠ Ø³ÙŠ Ø§Ù„Ø¹Ø±Ø¨ÙŠØ©<LF>This is the official account of BBC Arabic Breaking News Alerts	1753864	0	2675	11	0	en	2675	BBC Broadcasting House, London	UK	United Kingdom	General	http://pbs.twimg.com/profile_images/3434138891/ff30a71e972163f32540b692543203d7_normal.png	14326	London	http://t.co/KMHF87wxOv	user/BBCArabicNews
79	333925878	SaudiMCI	ÙˆØ²Ø§Ø±Ø© Ø§Ù„ØªØ¬Ø§Ø±Ø© ÙˆØ§Ù„Ø§Ø³ØªØ«Ù…Ø§Ø±	http://mci.gov.sa	SaudiMCI	https://mci.gov.sa/MediaCenter/RSS/Pages/default.aspx		ÙˆØ²Ø§Ø±Ø©_Ø§Ù„ØªØ¬Ø§Ø±Ø©_ÙˆØ§Ù„Ø§Ø³ØªØ«Ù…Ø§Ø±_(Ø§Ù„Ø³Ø¹ÙˆØ¯ÙŠØ©)	mci.gov.sa	mci.gov.sa	1	1	0.6657	Tue Jul 12 09:14:13 +0000 2011	ÙˆØ²Ø§Ø±Ø© Ø§Ù„ØªØ¬Ø§Ø±Ø© ÙˆØ§Ù„Ø§Ø³ØªØ«Ù…Ø§Ø± ÙÙŠ Ø§Ù„Ù…Ù…Ù„ÙƒØ© Ø§Ù„Ø¹Ø±Ø¨ÙŠØ© Ø§Ù„Ø³Ø¹ÙˆØ¯ÙŠØ© - Ù…Ø±ÙƒØ² Ø¨Ù„Ø§ØºØ§Øª Ø§Ù„Ù…Ø³ØªÙ‡Ù„Ùƒ: 1900 - Ù…Ø±ÙƒØ² Ø®Ø¯Ù…Ø§Øª Ø§Ù„Ø¹Ù…Ù„Ø§Ø¡: 920000667	1737221	37	2376	34	1	en	2376	Ø§Ù„Ù…Ù…Ù„ÙƒØ© Ø§Ù„Ø¹Ø±Ø¨ÙŠØ© Ø§Ù„Ø³Ø¹ÙˆØ¯ÙŠØ©	SA	Saudi Arabia	Economy	http://pbs.twimg.com/profile_images/876447569685221377/JQf_fb7l_normal.jpg	17292	Riyadh	https://t.co/bSiX1A4rvZ	SaudiMCI
80	109556877	hespress	Hespress Ù‡Ø³Ø¨Ø±ÙŠØ³	http://hespress.com	Hespress	https://www.hespress.com/feed/index.rss	/feed/index.rss	Ù‡Ø³Ø¨Ø±ÙŠØ³	hespress.com	hespress.com	1	1	1	Fri Jan 29 13:17:51 +0000 2010	Ø£ÙˆÙ„ Ø¬Ø±ÙŠØ¯Ø© Ø§Ù„ÙƒØªØ±ÙˆÙ†ÙŠØ© Ù…ØºØ±Ø¨ÙŠØ© ØªØªØ¬Ø¯Ø¯ Ø¹Ù„Ù‰ Ù…Ø¯Ø§Ø± Ø§Ù„Ø³Ø§Ø¹Ø©	1724635	810	762	10409	0	fr	762	Ø§Ù„Ù…ØºØ±Ø¨	MA	Morocco	General	http://pbs.twimg.com/profile_images/770687364901601282/unXUNiex_normal.jpg	115087	Casablanca	https://t.co/4f7Ybkynzq	user/HespressProd
81	296931186	korarotana	Ø¨Ø±Ù†Ø§Ù…Ø¬ ÙƒÙˆØ±Ø©	http://www.youtube.com/korarotana	korarotana	-		-	-	youtube.com/korarotana	1	1	1	Wed May 11 16:49:02 +0000 2011	#ÙƒÙˆØ±Ø©_Ø±ÙˆØªØ§Ù†Ø§  | Ø£Ø¬Ø±Ø£ Ùˆ Ø£Ù‡Ù… Ø£Ø­Ø¯Ø§Ø« ÙƒØ±Ø© Ø§Ù„Ù‚Ø¯Ù… Ø§Ù„Ø³Ø§Ø®Ù†Ø©  | Ø§Ù„Ø³Ø§Ø¹Ø© 11:30 Ù… Ø¨ØªÙˆÙ‚ÙŠØª #Ø§Ù„Ø³Ø¹ÙˆØ¯ÙŠØ© Ø¹Ù„Ù‰ #Ø®Ù„ÙŠØ¬ÙŠØ© https://t.co/nTTy3znBFL |  Ø§Ù„Ø¥Ø¹Ø§Ø¯Ø© 4 ÙØ¬Ø±Ø§Ù‹	1719893	321	3091	46	0	en	3091	Ø§Ù„Ø³Ø¹ÙˆØ¯ÙŠØ©	SA	Saudi Arabia	Sports	http://pbs.twimg.com/profile_images/558619447791857666/Ml6-c7nj_normal.jpeg	42589	Riyadh	http://t.co/9wbMLY4cjA	user/korarotana
82	50323634	shabab6april	A6MØ­Ø±ÙƒØ© Ø´Ø¨Ø§Ø¨ 6 Ø£Ø¨Ø±ÙŠÙ„	http://6april.org	shabab6april	https://6april.org/feed/	https://6april.org/feed/rss/	Ø­Ø±ÙƒØ©_Ø´Ø¨Ø§Ø¨_6_Ø£Ø¨Ø±ÙŠÙ„	6april.org	6april.org	1	1	0.6647	Wed Jun 24 14:45:22 +0000 2009	â€Ø§Ù„Ø­Ø³Ø§Ø¨  Ø§Ù„Ø±Ø³Ù…Ù‰ Ù„Ø­Ø±ÙƒØ© Ø´Ø¨Ø§Ø¨ 6 Ø§Ø¨Ø±ÙŠÙ„ Ø§Ù„Ù…ØµØ±ÙŠØ©.<LF>Ø­Ø±ÙŠØ©ØŒ Ø¯ÙŠÙ…Ù‚Ø±Ø§Ø·ÙŠØ© ØŒ Ø¹Ø¯Ø§Ù„Ø© Ø§Ø¬ØªÙ…Ø§Ø¹ÙŠØ© ØŒ ÙƒØ±Ø§Ù…Ø© Ø¥Ù†Ø³Ø§Ù†ÙŠØ©<LF>Official account for April 6 Movement<LF>https://t.co/cEvssf7sZTâ€	1710817	793	2822	125	0	en	2822	Egypt	EG	Egypt	General	http://pbs.twimg.com/profile_images/2367787803/1bsmhmownk70gcy713f5_normal.png	22594	Cairo	https://t.co/56qeUIGKv5	user/shabab6april
83	605491361	MLSD_SA	ÙˆØ²Ø§Ø±Ø© Ø§Ù„Ø¹Ù…Ù„ ÙˆØ§Ù„ØªÙ†Ù…ÙŠØ© Ø§Ù„Ø§Ø¬ØªÙ…Ø§Ø¹ÙŠØ©	http://www.mlsd.gov.sa/	-	-		ÙˆØ²Ø§Ø±Ø©_Ø§Ù„Ø¹Ù…Ù„_ÙˆØ§Ù„ØªÙ†Ù…ÙŠØ©_Ø§Ù„Ø§Ø¬ØªÙ…Ø§Ø¹ÙŠØ©_(Ø§Ù„Ø³Ø¹ÙˆØ¯ÙŠØ©)	mlsd.gov.sa	mlsd.gov.sa	1	1	0.6647	Mon Jun 11 15:08:15 +0000 2012	Ø§Ù„Ø­Ø³Ø§Ø¨ Ø§Ù„Ø±Ø³Ù…ÙŠ Ù„Ù€ #ÙˆØ²Ø§Ø±Ø©_Ø§Ù„Ø¹Ù…Ù„_ÙˆØ§Ù„ØªÙ†Ù…ÙŠØ©_Ø§Ù„Ø§Ø¬ØªÙ…Ø§Ø¹ÙŠØ© ÙÙŠ Ø§Ù„Ù…Ù…Ù„ÙƒØ© Ø§Ù„Ø¹Ø±Ø¨ÙŠØ© Ø§Ù„Ø³Ø¹ÙˆØ¯ÙŠØ©. Ù„Ù„Ø§Ø³ØªÙØ³Ø§Ø±Ø§Øª ÙˆØ§Ù„Ø´ÙƒØ§ÙˆÙ‰ ÙŠØ±Ø¬Ù‰ Ø§Ù„Ø§ØªØµØ§Ù„ Ø¹Ù„Ù‰ 19911	1707475	0	1895	15	1	en	1895	Riyadh, Saudi Arabia	SA	Saudi Arabia	General	http://pbs.twimg.com/profile_images/771746947879370755/yC8ktMW1_normal.jpg	43065	Riyadh	https://t.co/KgmqcYdK73	user/MinistryOfLabor
84	183911616	alweeamnews	ØµØ­ÙŠÙØ© Ø§Ù„ÙˆØ¦Ø§Ù…	http://www.alweeam.com.sa	-	-		ØµØ­ÙŠÙØ©_Ø§Ù„ÙˆØ¦Ø§Ù…	alweeam.com.sa	alweeam.com.sa	1	1	1	Sat Aug 28 05:27:24 +0000 2010	Ø­Ø³Ø§Ø¨ ØµØ­ÙŠÙØ© Ø§Ù„ÙˆØ¦Ø§Ù… Ø§Ù„Ø¥Ù„ÙƒØªØ±ÙˆÙ†ÙŠØ©  || info@alweeam.com.sa	1689167	3	2110	7	1	ar	2110	ksa	SA	Saudi Arabia	General	http://pbs.twimg.com/profile_images/378800000494289042/f871f2341c9a9748bde893d916cd4053_normal.jpeg	156234	Baghdad	https://t.co/txK0SUd2lM	
85	322394926	SuGaRx_WoRLD	Ø¹Ø§Ù„Ù… Ø³ÙƒØ±	http://sugarx-world.com/xXxX/	-	-		-	sugarx-world.com	sugarx-world.com/xXxX/	0	1	0.6577	Thu Jun 23 03:15:45 +0000 2011	Ø§Ù„Ø³ÙŠÙ†Ù…Ø§ ÙÙŠ Ø¬Ù‡Ø§Ø²Ùƒ ÙˆØ¨ÙŠÙ† ÙŠØ¯ÙŠÙƒ .. Ù…Ø¬Ù…ÙˆØ¹Ù‡ Ù…ØªÙ†ÙˆØ¹Ù‡ Ù…Ù† Ø§Ù„Ø§ÙÙ„Ø§Ù… ÙˆØ§Ù„Ù…Ø³Ù„Ø³Ù„Ø§Øª Ù…ØªØ±Ø¬Ù…Ù‡ Ù„Ù„Ø¹Ø±Ø¨ÙŠÙ‡ ÙˆØ¨Ø§Ù„Ø¬ÙˆØ¯Ù‡ Ø§Ù„Ø¹Ø§Ù„ÙŠÙ‡.. Ù„Ù†ØªØ±Ùƒ Ù„Ùƒ Ø§Ù„Ù…Ø¬Ø§Ù„ ÙˆØ­Ø±ÙŠÙ‡ Ø§Ù„Ø§Ø®ØªÙŠØ§Ø± Ù„Ù…Ø§ ÙŠÙ†Ø§Ø³Ø¨ Ø°Ø§Ø¦Ù‚ØªÙƒ	1679568	1265	688	34	1	ar	688	Ø§Ù„Ø®Ø§Øµ Ù„Ù„Ø¥Ø¹Ù„Ø§Ù†Ø§Øª	SA	Saudi Arabia	Entertainment	http://pbs.twimg.com/profile_images/861201066565787649/q-MVxxmT_normal.jpg	20992	Riyadh	https://t.co/exfDbNdPLf	
	886724197	EgyArmySpox	Ø§Ù„Ù…ØªØ­Ø¯Ø« Ø§Ù„Ø¹Ø³ÙƒØ±ÙŠ	http://www.mod.gov.eg/mod/	EgyArmySpox	-		Ø§Ù„Ù…ØªØ­Ø¯Ø«_Ø§Ù„Ø¹Ø³ÙƒØ±ÙŠ_Ù„Ù„Ù‚ÙˆØ§Øª_Ø§Ù„Ù…Ø³Ù„Ø­Ø©_Ø§Ù„Ù…ØµØ±ÙŠØ©	mod.gov.eg	mod.gov.eg/mod/	1	1	0.6824	Wed Oct 17 12:28:49 +0000 2012	Ø¹Ù‚ÙŠØ¯ Ø£ Ø­ / ØªØ§Ù…Ø± Ù…Ø­Ù…Ø¯ Ù…Ø­Ù…ÙˆØ¯ Ø§Ù„Ø±ÙØ§Ø¹Ù‰  Ø§Ù„Ù…ØªØ­Ø¯Ø« Ø§Ù„Ø¹Ø³ÙƒØ±ÙŠ Ø§Ù„Ø±Ø³Ù…ÙŠ Ù„Ù„Ù‚ÙˆØ§Øª Ø§Ù„Ù…Ø³Ù„Ø­Ø©	1653130	5	1457	49	0	en	1457	EGYPT	EG	Egypt	General	http://pbs.twimg.com/profile_images/875511809180041216/tbTD7B4C_normal.jpg	4115	Cairo	https://t.co/GgdK4zFbOe	user/EgyArmySpox
86	261186956	News_Sa24	Ø£Ø®Ø¨Ø§Ø± Ø§Ù„ÙˆØ·Ù†	https://Instagram.com/news_sa24/	-	-		-	-	Instagram.com/news_sa24/	0	1	1	Sat Mar 05 12:35:06 +0000 2011	Ø£Ø®Ø¨Ø§Ø± Ø§Ù„ÙˆØ·Ù† Ø¨ÙŠÙ† ÙŠØ¯ÙŠÙƒ ØŒ Ù…ØªØ§Ø¨Ø¹Ø© Ø£Ù‡Ù… Ø§Ù„Ø£Ø®Ø¨Ø§Ø± ØŒ ÙˆØ§Ù„ØµÙˆØ± ÙˆØ§Ù„ÙÙŠØ¯ÙŠÙˆ ØŒ ÙˆØ§Ù„Ù…Ù†ÙˆØ¹Ø§Øª .. Ù„Ù„ØªÙˆØ§ØµÙ„ ÙˆØ§Ù„Ø¥Ø¹Ù„Ø§Ù†: ÙˆØ§ØªØ³Ø§Ø¨: 00966555608841 Ø¨Ø±ÙŠØ¯ Ø¥Ù„ÙƒØªØ±ÙˆÙ†ÙŠ: e3lan1122@gmail.com	1592640	15	2114	2	0	ar	2114		SA	Saudi Arabia	General	http://pbs.twimg.com/profile_images/775102845993508868/Pgq6l3Dv_normal.jpg	85861	Quito	https://t.co/jzauu0iv9Z	
87	52067288	Masrawy	Ù…ØµØ±Ø§ÙˆÙŠ	http://www.masrawy.com	masrawy	http://www.masrawy.com/rss	http://www.masrawy.com/rss	Ù…ØµØ±Ø§ÙˆÙŠ	masrawy.com	masrawy.com	1	1	1	Mon Jun 29 14:15:48 +0000 2009	Ø£ÙˆÙ„ ÙˆØ£ÙƒØ¨Ø± Ø¨ÙˆØ§Ø¨Ø© Ù…ØµØ±ÙŠØ©<LF>http://t.co/0kzBV5rE2v	1587291	149	3366	4	0	en	3366	Cairo, Egypt	EG	Egypt	General	http://pbs.twimg.com/profile_images/950998668114612225/7uBN1miW_normal.jpg	653645	Cairo	http://t.co/Qgn4fw7zqM	channel/UCpfZqY4SGVhHxF8x4XMWNew
